symbol,as_of,close,score,state,edge_context,expansion_signal,hv20_pctile,atr14_pctile,bb_width_pctile,sma_spread_pctile,tr_contraction,volume_contraction,coil_width_pctile,nr7,prior_10d_high,prior_10d_low,latest_tr_vs_prev5_median,return_20d_pct,sma50_distance_pct,max_abs_gap_20d_pct,days_since_10pct_gap,avg_dollar_volume_20d,prebreakout_pivot,distance_to_pivot_pct,rs_63d_vs_spy_pct,rs_percentile,prebreakout_eligible,rejection_reasons,bars
CBZ,2026-09-29,54.69,99.23,COILED,NEAR_UPPER_EDGE,NONE,0.4,0.4,0.4,3.17,True,True,0.4,True,54.75,54.58,0.5,0.37,2.73,0.78,43,62112799.1,54.92,-0.42,67.89,99.0,True,,751
UTZ,2026-09-29,14.25,96.61,COILED,NEAR_UPPER_EDGE,NONE,0.79,0.4,4.76,10.71,True,True,3.97,True,14.2666,14.1621,0.667,0.8,0.92,0.51,49,20382267.19,14.2666,-0.12,83.3,99.0,True,,751
DV,2026-09-29,13.4,95.24,COILED,NEAR_UPPER_EDGE,NONE,4.76,0.4,3.57,1.19,True,True,5.56,False,13.51,13.36,1.0,0.0,4.56,1.79,36,48975815.68,13.65,-1.83,21.03,91.0,True,,751
HZO,2026-09-29,52.24,94.29,COILED,NEAR_UPPER_EDGE,NONE,5.95,0.4,5.95,3.57,True,True,4.76,False,52.56,52.21,2.833,0.11,10.21,0.27,35,42904815.02,52.56,-0.61,40.07,96.0,True,,751
ITGR,2026-09-29,126.33,93.45,COILED,NEAR_UPPER_EDGE,NONE,1.59,0.4,2.78,2.78,True,False,1.19,False,126.54,126.1,0.813,0.86,4.21,0.27,153,107679745.68,126.8,-0.37,32.6,94.0,True,,751
RNW,2026-09-29,6.85,92.64,COILED,NEAR_UPPER_EDGE,NONE,0.4,0.4,0.4,0.4,False,True,0.4,False,6.86,6.83,1.0,0.74,3.3,0.29,34,11500275.48,6.88,-0.44,7.01,79.0,True,,751
ROKU,2026-09-29,152.14,92.6,COILED,NEAR_LOWER_EDGE,NONE,6.35,0.4,4.76,15.08,True,True,5.56,False,157.44,151.654,0.847,-3.05,-0.33,0.87,156,335191257.75,158.85,-4.22,7.55,80.0,True,,751
BIO,2026-09-29,379.55,89.66,COILED,INSIDE_COIL,NONE,5.95,3.57,0.4,1.19,False,False,1.19,True,389.38,366.28,0.629,-1.7,4.83,1.82,92,102724760.01,394.29,-3.74,26.68,93.0,True,,751
UMAC,2026-09-29,24.94,89.29,COILED,NEAR_UPPER_EDGE,NONE,0.79,0.4,1.19,0.4,False,False,1.19,False,25.04,21.33,0.985,5.37,3.07,4.7,31,57949877.12,26.2,-4.81,9.25,82.0,True,,658
SAFT,2026-09-29,103.63,89.07,COILED,NEAR_UPPER_EDGE,NONE,0.4,0.4,2.38,1.59,False,False,0.4,False,103.88,103.37,0.682,0.79,2.54,0.27,46,13009869.41,103.88,-0.24,37.08,96.0,True,,751
LXP,2026-09-29,60.89,88.49,COILED,NEAR_UPPER_EDGE,NONE,0.79,0.4,0.4,6.75,False,False,1.19,False,61.04,60.78,0.667,0.3,0.16,0.28,999,55855904.63,61.04,-0.25,10.42,83.0,True,,751
HGTY,2026-09-29,13.55,87.92,COILED,INSIDE_COIL,NONE,5.56,15.87,1.19,0.79,False,True,16.27,True,14.17,13.18,0.548,1.88,4.2,8.6,999,9089141.71,14.17,-4.38,11.09,84.0,True,,751
IFF,2026-09-29,85.25,87.68,COILED,NEAR_UPPER_EDGE,NONE,0.4,5.16,0.4,3.57,False,False,3.97,False,86.68,82.5194,0.917,-0.78,2.5,1.64,100,143027687.64,87.6452,-2.73,5.53,77.0,True,,751
MKTX,2026-09-29,163.96,87.63,COILED,NEAR_UPPER_EDGE,NONE,8.73,0.4,3.17,6.75,False,False,5.95,True,164.2,163.11,0.419,0.82,4.95,0.27,42,153524577.43,164.2,-0.15,42.58,97.0,True,,751
MMSI,2026-09-29,87.87,87.62,COILED,NEAR_UPPER_EDGE,NONE,5.16,3.17,14.29,11.11,True,False,7.94,False,88.14,84.12,1.488,-3.08,1.54,1.35,999,54337933.82,92.18,-4.68,24.14,92.0,True,,751
BWIN,2026-09-29,31.78,87.62,COILED,NEAR_LOWER_EDGE,NONE,13.1,0.4,25.0,17.46,True,True,0.4,False,32.705,31.7,1.091,3.01,5.71,7.39,69,158805654.4,32.705,-2.83,16.98,89.0,True,,751
BOW,2026-09-29,33.77,87.36,COILED,NEAR_UPPER_EDGE,NONE,1.19,0.4,4.76,7.54,False,False,1.59,False,33.95,33.69,1.154,0.75,1.96,0.36,40,10752532.36,33.95,-0.53,10.24,83.0,True,,589
AMN,2026-09-29,34.95,87.04,COILED,NEAR_UPPER_EDGE,NONE,2.78,0.4,1.19,11.51,False,False,2.38,False,35.56,33.41,1.141,1.95,2.52,1.91,98,20025520.13,35.56,-1.72,5.38,77.0,True,,751
SEPN,2026-09-29,39.13,86.25,COILED,INSIDE_COIL,NONE,5.16,4.37,1.19,7.14,False,False,3.57,False,41.09,36.98,0.537,2.57,0.82,2.45,345,13076716.86,41.09,-4.77,14.25,86.0,True,,482
GABC,2026-09-29,48.82,85.56,COILED,NEAR_LOWER_EDGE,NONE,1.98,7.94,3.97,10.32,False,False,0.79,False,50.09,48.19,1.458,-1.01,-1.78,0.94,999,6652035.75,50.51,-3.35,0.91,70.0,True,,751
DRTS,2026-09-29,15.19,85.4,COILED,INSIDE_COIL,NONE,3.97,1.19,4.76,13.49,False,False,3.97,False,15.79,14.2,1.009,7.65,8.3,4.68,97,7652240.39,15.79,-3.8,18.16,90.0,True,,751
ANDG,2026-09-29,55.47,84.57,COILED,NEAR_UPPER_EDGE,NONE,1.7,7.1,2.26,18.75,False,False,2.67,False,56.0,51.31,1.395,-0.48,8.81,2.67,999,25366169.41,57.62,-3.73,44.47,97.0,True,,196
NATL,2026-09-29,45.44,84.42,COILED,NEAR_LOWER_EDGE,NONE,11.9,3.97,2.78,5.56,False,False,6.75,False,46.595,45.29,1.037,-1.05,-2.18,0.84,999,34616999.52,46.82,-2.95,2.09,72.0,True,,744
SRCE,2026-09-29,84.91,84.35,COILED,NEAR_LOWER_EDGE,NONE,5.16,0.79,7.14,19.84,False,False,0.4,False,88.14,84.29,1.355,-0.84,-2.15,0.95,999,8504467.43,88.14,-3.66,2.01,72.0,True,,751
NEU,2026-09-29,904.63,84.15,COILED,NEAR_UPPER_EDGE,NONE,0.79,7.14,4.37,19.44,False,False,3.17,False,918.63,865.15,1.218,1.12,2.45,2.91,999,106152995.6,918.63,-1.52,12.13,85.0,True,,751
DSGR,2026-09-29,34.95,84.09,COILED,NEAR_UPPER_EDGE,NONE,3.97,0.4,9.13,12.7,False,False,8.73,False,35.02,34.75,1.143,0.46,0.53,0.2,52,8046397.64,35.02,-0.2,25.2,93.0,True,,751
KO,2026-09-29,86.84,84.06,COILED,NEAR_LOWER_EDGE,NONE,6.75,19.05,4.37,3.17,False,False,9.52,True,89.36,86.89,0.567,-1.48,-0.51,1.94,999,1356748528.15,89.824,-3.32,4.9,76.0,True,,751
NBBK,2026-09-29,22.27,83.85,COILED,NEAR_LOWER_EDGE,NONE,3.97,3.57,1.19,19.05,False,False,10.32,False,23.165,22.24,1.5,-0.27,-1.36,1.68,109,6250603.73,23.25,-4.22,3.12,74.0,True,,690
HAE,2026-09-29,105.8,83.71,COILED,INSIDE_COIL,NONE,0.4,3.57,12.3,16.67,False,False,3.57,False,110.45,103.24,1.027,2.65,8.77,4.18,29,61922638.19,110.45,-4.21,38.48,96.0,True,,751
ORIC,2026-09-29,13.37,83.23,COILED,INSIDE_COIL,NONE,4.76,4.76,1.98,17.86,False,False,11.9,False,14.0,11.95,0.687,2.93,4.07,3.26,82,18651086.44,14.0,-4.5,20.87,91.0,True,,751
OBK,2026-09-29,52.75,83.21,COILED,NEAR_LOWER_EDGE,NONE,6.35,3.97,3.97,22.62,False,False,3.57,False,54.92,52.56,0.973,-0.72,-1.57,1.27,999,8481996.4,54.95,-4.0,1.01,70.0,True,,751
NTNX,2026-09-29,70.09,82.9,COILED,NEAR_UPPER_EDGE,NONE,2.78,8.73,7.94,16.27,False,False,5.16,False,71.08,66.25,1.396,2.22,8.02,1.91,209,157826466.03,71.08,-1.39,34.95,95.0,True,,751
NHC,2026-09-29,224.16,82.9,COILED,INSIDE_COIL,NONE,2.38,28.17,0.79,2.38,False,False,3.17,False,230.09,219.72,1.204,3.52,0.08,1.42,999,24048993.41,230.09,-2.58,3.47,74.0,True,,751
JOE,2026-09-29,66.01,82.6,COILED,NEAR_UPPER_EDGE,NONE,21.03,5.56,6.75,10.71,False,False,7.54,True,66.65,63.15,0.444,-0.14,0.76,1.82,999,19328092.2,67.38,-2.03,3.05,74.0,True,,751
CLH,2026-09-29,311.68,82.46,COILED,NEAR_LOWER_EDGE,NONE,0.79,5.16,3.17,18.25,False,False,19.84,False,325.47,309.81,0.773,-1.13,-0.86,1.03,229,120127200.31,325.92,-4.37,1.74,71.0,True,,751
ONC,2026-09-29,365.27,82.42,COILED,NEAR_UPPER_EDGE,NONE,6.75,2.38,7.94,19.44,False,False,8.33,False,368.28,342.88,1.213,1.58,4.08,2.73,638,140492883.83,370.48,-1.41,25.59,93.0,True,,751
AMTB,2026-09-29,29.13,81.15,COILED,INSIDE_COIL,NONE,12.3,17.46,4.37,2.78,False,False,10.71,False,30.24,28.51,1.06,1.46,0.61,1.69,359,10368543.81,30.24,-3.67,11.91,84.0,True,,751
ENSG,2026-09-29,175.53,81.11,COILED,NEAR_UPPER_EDGE,NONE,15.48,13.89,4.37,13.1,False,False,1.19,False,178.98,171.99,1.048,1.9,-0.59,1.33,999,61584222.19,178.98,-1.93,6.91,79.0,True,,751
AVY,2026-09-29,170.78,81.05,COILED,NEAR_LOWER_EDGE,NONE,15.08,44.05,1.98,1.98,False,True,9.52,True,174.63,167.69,0.709,-1.34,-0.9,2.79,42,146982824.5,176.46,-3.22,3.22,74.0,True,,751
VLTO,2026-09-29,96.65,80.54,COILED,NEAR_UPPER_EDGE,NONE,19.84,15.87,2.38,5.56,False,False,6.75,False,97.575,93.975,1.003,-1.95,0.32,1.88,999,165228745.06,99.43,-2.8,6.4,78.0,True,,749
EG,2026-09-29,368.81,79.96,COILED,NEAR_LOWER_EDGE,NONE,19.05,7.14,9.52,15.87,False,True,23.41,False,383.04,366.49,0.956,-1.02,-1.14,1.68,999,158052271.76,385.9316,-4.44,1.21,70.0,True,,751
WPP,2026-09-29,25.26,79.28,COILED,NEAR_LOWER_EDGE,NONE,38.89,18.65,0.4,3.17,False,False,4.37,True,26.34,24.9,0.568,-1.25,3.41,7.35,37,8715326.43,26.34,-4.1,60.48,99.0,True,,751
V,2026-09-29,365.88,79.08,COILED,NEAR_LOWER_EDGE,NONE,11.9,5.56,11.11,28.57,False,False,19.44,True,376.47,359.8,0.515,-3.56,-0.6,1.25,999,2240552716.36,382.48,-4.34,4.25,75.0,True,,751
EHC,2026-09-29,123.56,78.85,COILED,NEAR_UPPER_EDGE,NONE,5.16,27.78,3.17,9.13,False,False,17.06,False,125.28,119.48,0.894,2.79,3.06,1.1,37,105163895.16,125.28,-1.37,19.88,91.0,True,,751
EXEL,2026-09-29,58.65,78.75,COILED,NEAR_UPPER_EDGE,NONE,28.97,17.06,5.16,3.97,False,False,2.78,False,59.15,54.95,1.135,7.34,5.34,1.17,294,125553752.2,59.72,-1.79,5.2,77.0,True,,751
WKC,2026-09-29,35.84,78.73,COILED,NEAR_UPPER_EDGE,NONE,1.59,34.52,3.57,11.51,False,False,10.71,False,36.2446,34.6252,1.892,0.9,-1.23,1.33,46,41237085.79,36.2446,-1.12,6.92,79.0,True,,751
HNGE,2026-09-29,95.21,78.65,COILED,NEAR_UPPER_EDGE,NONE,12.3,28.17,3.17,9.13,False,False,8.33,False,96.66,89.75,1.688,2.86,8.86,2.53,158,173849119.69,96.66,-1.5,12.12,85.0,True,,340
PM,2026-09-29,193.9,78.41,COILED,NEAR_UPPER_EDGE,NONE,1.98,24.21,11.51,20.63,False,False,6.35,False,195.49,185.84,0.695,3.52,1.99,2.16,412,836099498.47,195.49,-0.81,4.59,75.0,True,,751
CTBI,2026-09-29,74.5,77.7,COILED,NEAR_LOWER_EDGE,NONE,6.35,15.48,8.73,25.4,False,False,15.87,False,77.83,73.69,1.457,-1.24,-2.41,0.87,999,8068135.81,78.1803,-4.71,1.32,70.0,True,,751
GGG,2026-09-29,78.1,77.68,COILED,NEAR_UPPER_EDGE,NONE,4.37,11.51,11.51,33.33,False,False,12.3,False,78.72,75.68,0.819,0.87,-1.34,1.46,999,124032644.45,79.45,-1.7,1.12,70.0,True,,751
KT,2026-09-29,19.27,77.58,COILED,NEAR_LOWER_EDGE,NONE,8.73,29.37,4.37,13.49,False,False,12.7,False,19.95,19.05,0.966,-2.08,1.01,1.42,999,22977934.39,20.13,-4.27,8.93,81.0,True,,751
NVDA,2026-09-29,227.21,77.56,COILED,INSIDE_COIL,NONE,5.16,3.97,17.06,24.21,False,False,23.81,False,233.21,211.16,1.31,3.03,4.8,3.23,420,25010794105.01,234.4976,-3.11,11.09,84.0,True,,751
PK,2026-09-29,15.57,77.44,COILED,INSIDE_COIL,NONE,3.17,5.56,4.37,21.03,False,False,45.24,False,15.905,14.62,0.632,1.76,2.35,1.5,999,51848077.29,15.905,-2.11,6.67,78.0,True,,751
DDS,2026-09-29,677.52,77.14,COILED,NEAR_UPPER_EDGE,NONE,5.56,4.76,13.1,34.13,False,False,33.73,True,688.05,620.38,0.683,8.24,8.84,1.81,94,122907506.42,688.05,-1.53,25.63,93.0,True,,751
MEDP,2026-09-29,622.11,77.08,COILED,INSIDE_COIL,NONE,5.56,3.17,29.37,33.33,False,False,1.98,False,637.645,594.08,0.931,4.73,4.2,1.44,47,142281797.02,637.645,-2.44,14.88,87.0,True,,751
MAIN,2026-09-29,55.94,76.94,COILED,INSIDE_COIL,NONE,7.94,3.57,12.7,34.52,False,False,20.24,False,57.4218,54.37,2.411,-4.11,-0.47,1.23,999,25709314.91,58.6926,-4.69,7.38,80.0,True,,751
ARCC,2026-09-29,19.36,76.79,COILED,INSIDE_COIL,NONE,11.11,4.37,8.33,22.22,False,False,34.13,False,19.83,18.95,1.667,-1.14,1.02,0.7,999,89581672.52,19.83,-2.37,4.49,75.0,True,,751
ABBV,2026-09-29,263.29,76.79,COILED,INSIDE_COIL,NONE,3.97,9.13,25.0,36.9,False,False,0.4,False,269.39,257.8,1.7,2.68,2.26,1.8,470,1073411557.16,269.39,-2.26,2.79,73.0,True,,751
RGA,2026-09-29,252.94,76.76,COILED,NEAR_UPPER_EDGE,NONE,16.27,9.92,14.29,13.49,False,False,34.13,True,255.87,241.84,0.677,2.8,3.58,1.15,999,84810453.01,257.81,-1.89,16.83,89.0,True,,751
GRND,2026-09-29,16.12,76.67,COILED,NEAR_UPPER_EDGE,NONE,38.49,10.71,9.13,8.33,False,False,2.78,False,16.298,15.15,1.173,4.13,1.56,2.74,232,20408581.14,16.298,-1.09,9.59,82.0,True,,751
ULTA,2026-09-29,547.89,76.61,COILED,INSIDE_COIL,NONE,26.59,44.84,0.4,1.59,False,True,11.9,False,566.1,529.01,0.848,2.01,3.18,1.78,334,295662309.96,568.44,-3.62,18.9,90.0,True,,751
MET,2026-09-29,95.2,76.45,COILED,NEAR_LOWER_EDGE,NONE,25.0,34.13,2.38,1.19,False,False,7.14,False,98.54,95.01,0.749,0.03,-1.08,1.26,999,298671274.29,99.25,-4.08,10.63,83.0,True,,751
BXSL,2026-09-29,24.63,76.35,COILED,NEAR_LOWER_EDGE,NONE,12.3,1.59,6.75,28.97,False,False,34.52,False,25.52,24.23,1.246,-1.52,1.27,0.68,999,31192338.25,25.52,-3.49,1.29,70.0,True,,751
NMM,2026-09-29,90.99,76.29,COILED,INSIDE_COIL,NONE,15.48,24.21,1.98,6.35,False,False,42.86,True,95.0,87.25,0.561,3.01,6.54,2.05,999,16234234.52,95.0,-4.22,27.37,93.0,True,,751
MSM,2026-09-29,124.55,75.97,COILED,NEAR_UPPER_EDGE,NONE,7.54,16.27,15.08,36.9,False,False,4.76,False,124.68,118.28,1.048,4.77,2.22,1.83,999,86987517.11,124.68,-0.1,2.88,73.0,True,,751
MRK,2026-09-29,149.28,75.71,COILED,INSIDE_COIL,NONE,3.57,32.14,8.33,6.35,False,False,30.16,False,153.57,142.32,1.199,1.63,6.12,1.73,414,1432555378.33,153.57,-2.79,14.27,86.0,True,,751
ING,2026-09-29,36.08,75.56,COILED,NEAR_LOWER_EDGE,NONE,28.17,32.94,2.78,7.54,False,False,3.57,False,37.09,35.75,1.271,2.15,2.02,2.7,999,67893271.07,37.52,-3.84,13.88,86.0,True,,751
SCSC,2026-09-29,57.85,75.46,COILED,INSIDE_COIL,NONE,34.92,47.62,2.38,11.51,False,True,5.56,True,59.28,56.04,0.678,1.33,3.08,1.52,27,14828289.7,59.28,-2.41,8.47,81.0,True,,751
AZTA,2026-09-29,34.28,75.28,COILED,NEAR_UPPER_EDGE,NONE,0.4,6.75,33.73,42.86,False,False,0.79,False,34.88,31.93,0.693,4.99,7.12,2.2,25,28629340.72,34.88,-1.72,31.74,94.0,True,,751
CRSR,2026-09-29,13.46,75.19,COILED,INSIDE_COIL,NONE,25.4,15.87,23.41,22.22,False,False,3.57,True,13.96,12.832,0.823,10.78,10.94,4.21,36,13692761.67,13.96,-3.58,36.61,95.0,True,,751
AAMI,2026-09-29,92.48,75.12,COILED,INSIDE_COIL,NONE,24.21,35.71,2.38,10.71,False,True,25.4,False,95.89,85.6,1.836,-1.72,2.44,2.21,999,44203797.52,96.0855,-3.75,26.86,93.0,True,,751
DOCS,2026-09-29,26.52,75.1,COILED,INSIDE_COIL,NONE,21.43,26.98,10.32,8.73,False,False,12.3,False,27.48,25.33,1.263,-0.71,7.7,3.09,36,71661110.83,27.48,-3.49,25.28,93.0,True,,751
OSBC,2026-09-29,24.65,74.72,COMPRESSED,NEAR_LOWER_EDGE,NONE,5.56,11.9,22.62,39.68,False,False,8.73,False,25.68,24.42,1.2,-1.71,-2.06,1.1,999,12097258.83,25.85,-4.64,3.41,74.0,True,,751
MMM,2026-09-29,168.49,74.5,COMPRESSED,NEAR_UPPER_EDGE,NONE,22.22,11.11,11.11,22.62,False,False,21.43,False,170.75,160.68,1.162,-1.94,-2.85,1.51,999,495469736.24,173.65,-2.97,1.93,71.0,True,,751
EMBJ,2026-09-29,76.87,74.32,COMPRESSED,INSIDE_COIL,NONE,0.79,25.79,18.65,40.87,False,False,16.67,True,78.7,72.6538,0.444,7.65,5.21,2.73,999,90528381.32,78.7,-2.33,18.58,90.0,True,,751
CORT,2026-09-29,114.74,74.25,COMPRESSED,INSIDE_COIL,NONE,17.46,59.92,1.19,5.16,False,True,15.08,False,120.44,108.41,1.239,1.23,2.67,2.46,42,197310838.63,120.44,-4.73,29.37,94.0,True,,751
TBBB,2026-09-29,52.4,73.95,COMPRESSED,INSIDE_COIL,NONE,6.75,2.78,21.03,53.17,False,False,13.1,False,54.0,50.09,1.021,7.89,10.88,1.03,999,33083129.58,54.0,-2.96,23.16,92.0,True,,661
GMAB,2026-09-29,35.57,73.89,COMPRESSED,NEAR_UPPER_EDGE,NONE,11.51,7.94,28.97,42.46,False,False,0.4,False,35.7,32.34,0.811,7.27,10.13,2.25,999,74898798.27,35.7,-0.36,26.9,93.0,True,,751
TSLX,2026-09-29,18.34,73.67,COMPRESSED,NEAR_UPPER_EDGE,NONE,16.27,19.84,15.48,31.75,False,False,8.33,False,18.47,17.74,1.257,-0.47,2.76,1.32,999,7422797.32,18.6604,-1.72,6.74,79.0,True,,751
CON,2026-09-29,35.34,73.52,COMPRESSED,INSIDE_COIL,NONE,15.48,29.37,25.79,12.7,False,True,23.02,False,36.71,34.32,1.563,4.74,4.25,1.98,36,33195503.64,36.71,-3.73,16.42,88.0,True,,547
IQV,2026-09-29,268.99,73.49,COMPRESSED,INSIDE_COIL,NONE,29.76,20.24,12.3,22.62,False,False,4.37,False,277.4,262.95,1.043,2.99,7.51,1.61,44,430880534.89,277.4,-3.03,36.63,95.0,True,,751
BBVA,2026-09-29,28.64,73.41,COMPRESSED,NEAR_UPPER_EDGE,NONE,26.98,26.19,11.9,12.7,False,False,11.11,False,29.05,27.94,0.98,-1.1,1.11,2.06,999,36405749.56,29.64,-3.37,11.7,84.0,True,,751
VAC,2026-09-29,104.68,73.14,COMPRESSED,INSIDE_COIL,NONE,42.06,34.92,2.38,7.54,False,True,19.05,False,107.05,96.8,1.321,1.2,-0.71,2.27,148,49830944.41,109.7947,-4.66,0.98,70.0,True,,751
CRL,2026-09-29,295.96,73.1,COMPRESSED,NEAR_UPPER_EDGE,NONE,25.0,23.81,9.52,16.27,False,False,18.65,False,298.4,269.93,0.694,2.68,8.82,2.45,38,269838825.87,298.4,-0.82,27.91,94.0,True,,751
HMC,2026-09-29,32.09,72.92,COMPRESSED,NEAR_LOWER_EDGE,NONE,41.27,38.49,1.19,2.38,False,False,3.57,False,33.1,31.97,0.82,0.41,2.05,3.43,298,26460637.6,33.11,-3.08,15.78,88.0,True,,751
CHE,2026-09-29,512.05,72.79,COMPRESSED,NEAR_UPPER_EDGE,NONE,5.95,45.24,15.08,26.19,False,False,13.49,True,519.05,491.88,0.897,-1.28,-2.1,1.51,108,77885854.15,534.17,-4.14,7.5,80.0,True,,751
UFPT,2026-09-29,296.92,72.74,COMPRESSED,NEAR_UPPER_EDGE,NONE,8.73,0.4,27.78,48.41,False,False,17.46,False,300.23,273.0,0.828,-0.35,2.61,1.94,39,32175073.17,304.39,-2.45,9.4,82.0,True,,751
ANET,2026-09-29,202.86,72.58,COMPRESSED,INSIDE_COIL,NONE,6.75,6.75,27.78,55.16,False,False,5.95,False,212.0,190.86,1.07,3.66,5.86,4.9,38,941850145.63,212.0,-4.31,16.83,89.0,True,,751
PLUS,2026-09-29,89.82,72.35,COMPRESSED,INSIDE_COIL,NONE,34.92,13.49,31.35,5.56,False,True,25.79,False,94.32,87.87,0.808,2.1,0.22,1.32,412,20953221.53,94.32,-4.77,5.67,77.0,True,,751
ALLE,2026-09-29,155.43,72.24,COMPRESSED,NEAR_UPPER_EDGE,NONE,33.73,32.14,10.71,13.1,False,False,3.17,False,155.91,151.15,0.845,0.47,-1.15,1.45,359,166993866.01,158.0088,-1.63,8.44,81.0,True,,751
VRNS,2026-09-29,47.11,72.07,COMPRESSED,INSIDE_COIL,NONE,46.43,25.4,13.49,15.48,False,True,10.32,False,48.79,44.62,1.287,7.63,5.8,2.66,105,97748918.25,48.79,-3.44,9.69,82.0,True,,751
ELPC,2026-09-29,12.18,71.25,COMPRESSED,NEAR_LOWER_EDGE,NONE,26.19,19.44,15.08,28.57,False,False,15.48,False,12.74,11.97,0.815,6.19,4.05,3.29,999,5901279.7,12.795,-4.81,1.96,71.0,True,,689
DIS,2026-09-29,105.41,71.13,COMPRESSED,INSIDE_COIL,NONE,34.52,22.62,13.89,9.92,False,False,34.52,True,108.34,102.37,0.544,-1.99,1.53,0.97,350,878067901.46,109.42,-3.66,6.93,79.0,True,,751
FAST,2026-09-29,49.96,70.91,COMPRESSED,INSIDE_COIL,NONE,6.75,13.1,13.1,53.97,False,False,29.37,False,51.41,48.53,1.101,1.32,0.77,1.22,999,337449107.14,51.41,-2.82,2.0,72.0,True,,751
GILD,2026-09-29,151.28,70.65,COMPRESSED,NEAR_UPPER_EDGE,NONE,5.56,16.27,36.51,41.27,False,False,9.92,False,154.2,142.94,1.133,3.96,6.85,2.66,999,877957673.67,154.2,-1.89,17.83,89.0,True,,751
SBH,2026-09-29,16.46,70.52,COMPRESSED,INSIDE_COIL,NONE,8.73,3.17,18.25,55.56,False,False,34.13,False,17.27,15.46,1.074,0.49,1.97,1.86,289,20494012.44,17.27,-4.69,13.82,86.0,True,,751
MFC,2026-09-29,43.42,69.17,COMPRESSED,NEAR_LOWER_EDGE,NONE,62.3,20.63,10.32,12.7,False,True,21.83,False,44.88,43.27,0.78,2.38,-0.26,0.87,999,75444873.11,44.88,-3.25,5.49,77.0,True,,751
MQ,2026-09-29,17.01,68.79,COMPRESSED,NEAR_UPPER_EDGE,NONE,18.25,0.4,29.37,47.62,False,False,29.76,False,17.11,15.49,0.587,3.59,3.11,1.84,223,13080832.09,17.26,-1.45,2.15,72.0,True,,751
LQDT,2026-09-29,43.31,68.53,COMPRESSED,NEAR_UPPER_EDGE,NONE,42.06,5.16,50.0,45.63,True,False,1.19,False,43.98,42.1,1.217,3.91,4.5,1.23,213,9839303.02,43.98,-1.52,8.12,81.0,True,,751
GH,2026-09-29,177.73,68.41,COMPRESSED,INSIDE_COIL,NONE,13.49,13.1,51.59,39.29,False,False,0.4,False,183.51,167.0,1.163,11.77,8.52,2.91,228,316454264.8,183.51,-3.15,15.87,88.0,True,,751
AVPT,2026-09-29,13.57,68.35,COMPRESSED,INSIDE_COIL,NONE,45.24,38.1,6.75,1.19,False,False,23.02,False,13.925,12.64,1.984,-2.51,2.85,2.25,397,25759762.45,14.05,-3.42,18.46,90.0,True,,751
MTN,2026-09-29,141.29,68.33,COMPRESSED,NEAR_UPPER_EDGE,NONE,31.75,36.9,15.87,21.03,False,False,10.71,False,142.86,135.0,2.457,3.2,-1.87,1.96,336,142475786.62,142.86,-1.1,1.19,70.0,True,,751
HURN,2026-09-29,156.36,68.15,COMPRESSED,INSIDE_COIL,NONE,25.4,34.92,19.44,20.63,False,False,18.65,False,161.88,150.4,0.826,-2.21,3.74,4.7,43,35223141.38,162.2,-3.6,70.84,99.0,True,,751
SCL,2026-09-29,62.19,67.7,COMPRESSED,INSIDE_COIL,NONE,36.11,20.63,13.1,36.9,False,False,18.65,False,65.13,60.5,1.933,-0.04,-0.45,1.29,999,9820070.15,65.13,-4.51,9.73,82.0,True,,751
RDVT,2026-09-29,79.32,67.5,COMPRESSED,NEAR_UPPER_EDGE,NONE,32.14,10.71,17.86,41.27,False,False,27.78,False,80.39,72.44,0.595,8.42,11.11,2.41,999,16201153.44,80.39,-1.33,21.89,91.0,True,,751
HALO,2026-09-29,111.56,67.46,COMPRESSED,INSIDE_COIL,NONE,14.68,13.89,18.65,33.33,False,False,53.97,False,116.85,105.5,0.825,4.76,10.31,1.75,346,262374598.54,116.85,-4.53,39.94,96.0,True,,751
PFE,2026-09-29,28.72,67.2,COMPRESSED,NEAR_UPPER_EDGE,NONE,3.97,1.19,47.22,45.24,False,False,36.9,False,28.87,27.25,0.98,0.91,5.94,1.51,999,923138070.16,29.21,-1.68,18.77,90.0,True,,751
JNJ,2026-09-29,267.57,66.87,COMPRESSED,INSIDE_COIL,NONE,33.33,68.65,9.52,1.19,False,False,4.37,False,275.23,260.68,1.257,0.65,0.94,2.04,999,1701030502.51,281.07,-4.8,3.29,74.0,True,,751
WAB,2026-09-29,291.23,66.72,COMPRESSED,NEAR_UPPER_EDGE,NONE,1.59,13.49,27.38,56.35,False,False,55.56,True,293.95,273.01,0.562,1.85,0.34,1.81,999,221487207.91,293.95,-0.93,5.55,77.0,True,,751
TAK,2026-09-29,18.51,66.49,COMPRESSED,NEAR_LOWER_EDGE,NONE,32.94,49.6,12.7,18.25,False,False,11.51,False,19.1,18.51,1.767,2.95,3.03,2.04,999,43281067.73,19.1,-3.09,12.88,85.0,True,,751
JOYY,2026-09-29,80.6,65.99,COMPRESSED,NEAR_UPPER_EDGE,NONE,2.78,1.59,70.63,69.84,False,False,3.57,True,81.26,76.53,0.58,7.98,6.92,2.86,87,28822901.73,81.26,-0.81,19.55,91.0,True,,751
BLFS,2026-09-29,39.22,65.5,COMPRESSED,NEAR_UPPER_EDGE,NONE,6.75,2.38,48.81,69.44,False,False,16.67,False,39.76,35.51,0.646,5.8,11.78,1.55,646,33048678.75,39.76,-1.36,36.29,95.0,True,,751
FRHC,2026-09-29,169.98,65.5,COMPRESSED,INSIDE_COIL,NONE,25.4,17.46,21.03,46.43,False,False,31.75,False,178.0,161.53,1.452,-2.87,5.39,1.93,999,13092345.45,178.0,-4.51,27.69,93.0,True,,751
WAT,2026-09-29,443.26,65.39,COMPRESSED,NEAR_UPPER_EDGE,NONE,15.08,18.25,42.86,58.33,False,False,17.46,True,445.48,411.89,0.636,6.9,8.96,1.79,101,286581443.16,445.48,-0.5,15.6,88.0,True,,751
NWG,2026-09-29,18.26,65.38,COMPRESSED,NEAR_LOWER_EDGE,NONE,23.81,43.65,8.33,33.33,False,False,29.76,False,19.06,17.91,0.784,0.33,-1.35,2.44,731,58517824.39,19.06,-4.2,2.74,73.0,True,,751
BDX,2026-09-29,181.97,65.34,COMPRESSED,INSIDE_COIL,NONE,60.71,34.13,16.27,3.17,False,False,13.1,False,186.63,177.87,1.195,-2.69,2.29,1.62,999,327145039.22,190.6358,-4.55,18.37,90.0,True,,751
BIIB,2026-09-29,227.07,64.98,COMPRESSED,NEAR_UPPER_EDGE,NONE,13.49,1.59,38.89,73.81,False,False,21.03,False,230.49,213.54,0.961,4.81,6.13,2.44,999,219416034.15,230.49,-1.48,2.51,73.0,True,,751
WF,2026-09-29,79.68,64.94,COMPRESSED,NEAR_UPPER_EDGE,NONE,45.24,29.76,30.95,17.46,False,False,8.33,False,80.36,76.37,0.546,8.94,9.87,5.82,999,6426596.04,81.74,-2.52,36.23,95.0,True,,751
EXPD,2026-09-29,188.16,64.25,COMPRESSED,INSIDE_COIL,NONE,42.06,30.16,16.67,23.02,False,False,30.16,False,194.59,183.36,0.54,-0.79,2.14,0.99,999,185621893.71,194.59,-3.3,12.86,85.0,True,,751
EFOR,2026-09-29,32.9,64.15,COMPRESSED,INSIDE_COIL,NONE,53.57,40.08,36.51,24.6,False,True,7.54,True,34.42,31.54,0.606,1.48,8.46,2.91,109,22865525.99,34.42,-4.42,81.52,99.0,True,,751
MFG,2026-09-29,11.0,63.79,COMPRESSED,NEAR_UPPER_EDGE,NONE,49.21,44.84,7.54,14.68,False,False,24.6,False,11.22,10.46,0.958,3.38,2.77,4.36,372,37354708.53,11.49,-4.26,12.23,85.0,True,,751
USPH,2026-09-29,86.15,63.27,COMPRESSED,NEAR_UPPER_EDGE,NONE,0.4,0.4,56.35,65.48,False,False,36.51,False,87.37,79.01,0.789,10.82,8.62,1.79,999,14327127.48,87.37,-1.4,23.59,92.0,True,,751
KB,2026-09-29,127.9,62.96,COMPRESSED,INSIDE_COIL,NONE,46.43,32.94,12.7,32.94,False,False,24.6,False,131.85,123.01,0.561,2.49,4.07,4.69,999,19290743.21,133.29,-4.04,19.27,90.0,True,,751
SHG,2026-09-29,81.79,62.6,COMPRESSED,INSIDE_COIL,NONE,58.73,40.87,13.49,31.75,False,False,13.49,True,83.9,79.04,0.807,3.31,6.27,4.68,309,12915162.01,85.57,-4.42,26.72,93.0,True,,751
CNK,2026-09-29,38.24,62.08,COMPRESSED,INSIDE_COIL,NONE,1.19,5.16,35.32,62.3,False,False,68.25,False,39.07,33.7,0.606,7.39,6.32,1.74,999,82543527.44,39.07,-2.12,18.22,90.0,True,,751
CHCO,2026-09-29,139.88,62.02,COMPRESSED,NEAR_LOWER_EDGE,NONE,13.49,10.32,45.24,65.87,False,False,28.57,False,146.02,138.48,1.449,-2.15,-2.56,0.83,999,18515735.67,146.45,-4.49,3.56,75.0,True,,751
BVS,2026-09-29,14.0,61.81,COMPRESSED,NEAR_UPPER_EDGE,NONE,26.19,0.4,50.4,39.68,False,False,45.63,False,14.095,12.34,0.852,2.56,3.28,1.74,390,6777255.85,14.5,-3.45,45.72,97.0,True,,751
LAUR,2026-09-29,38.38,61.71,COMPRESSED,NEAR_UPPER_EDGE,NONE,15.87,24.21,25.79,67.46,False,False,33.33,False,38.43,35.48,1.096,2.26,3.11,1.32,217,36162264.63,38.9,-1.34,3.08,74.0,True,,751
PBR-A,2026-09-29,18.79,61.13,COMPRESSED,INSIDE_COIL,NONE,69.84,60.32,3.17,0.4,False,False,14.29,False,19.7,18.39,0.836,7.99,9.31,2.9,641,139157900.87,19.7,-4.62,29.95,94.0,True,,751
GEO,2026-09-29,30.96,60.89,COMPRESSED,INSIDE_COIL,NONE,45.63,65.08,13.89,2.78,False,False,38.49,True,32.39,29.19,0.554,-2.67,-0.88,1.86,100,74632680.79,32.56,-4.91,2.18,72.0,True,,751
RVMD,2026-09-29,204.48,60.81,COMPRESSED,INSIDE_COIL,NONE,19.84,37.3,33.73,29.76,False,False,43.65,False,211.51,188.18,0.648,-0.53,1.66,1.33,106,403368474.8,213.0,-4.0,6.6,78.0,True,,751
IMAX,2026-09-29,56.33,60.47,COMPRESSED,INSIDE_COIL,NONE,12.3,18.65,35.32,65.08,False,False,56.75,True,57.73,51.12,0.671,10.02,10.45,1.84,88,51011625.74,57.73,-2.43,38.73,96.0,True,,751
CRVL,2026-09-29,74.47,60.47,COMPRESSED,NEAR_UPPER_EDGE,NONE,13.89,1.19,67.86,76.59,False,False,23.02,True,75.19,69.15,0.719,8.12,11.18,1.64,999,15750040.58,75.19,-0.96,16.53,89.0,True,,751
AAPL,2026-09-29,329.4,60.4,COMPRESSED,NEAR_LOWER_EDGE,NONE,53.97,43.65,32.94,26.19,False,True,17.06,False,345.34,328.35,1.54,3.96,2.33,0.9,999,14024498045.52,345.34,-4.62,11.35,84.0,True,,751
DSGX,2026-09-29,79.47,60.26,COMPRESSED,INSIDE_COIL,NONE,56.75,41.67,27.38,18.65,False,False,11.9,False,81.25,75.57,0.693,-1.45,3.12,2.16,330,57995659.57,82.65,-3.85,12.19,85.0,True,,751
CTAS,2026-09-29,197.74,60.06,COMPRESSED,NEAR_UPPER_EDGE,NONE,54.76,50.0,10.71,12.7,False,False,32.94,False,201.62,191.09,1.672,-2.01,-2.07,1.4,999,417893462.06,204.62,-3.36,13.98,86.0,True,,751
