symbol,as_of,close,score,state,edge_context,expansion_signal,hv20_pctile,atr14_pctile,bb_width_pctile,sma_spread_pctile,tr_contraction,volume_contraction,coil_width_pctile,nr7,prior_10d_high,prior_10d_low,latest_tr_vs_prev5_median,atr14_current_pct,range_20d_pct,return_20d_pct,return_60d_pct,sma50_distance_pct,max_abs_gap_20d_pct,max_abs_gap_60d_pct,days_since_10pct_gap,avg_dollar_volume_20d,prebreakout_pivot,distance_to_pivot_pct,prior_structure_high,distance_above_prior_structure_pct,rs_63d_vs_spy_pct,rs_percentile,prebreakout_eligible,rejection_reasons,bars,tradingview_symbol,tradingview_url
BWIN,2026-10-09,31.87,99.58,COILED,NEAR_UPPER_EDGE,NONE,0.4,0.4,0.4,0.79,True,True,0.4,True,31.945,31.75,0.667,1.37,3.15,7.49,15.89,3.27,7.39,7.39,77,182486778.2,32.705,-2.55,32.59,-2.21,12.47,87.0,True,,753,NASDAQ:BWIN,https://www.tradingview.com/chart/?symbol=NASDAQ%3ABWIN
UHS,2026-10-09,177.35,91.23,COILED,INSIDE_COIL,NONE,10.32,14.68,1.98,3.57,True,True,5.56,False,183.46,173.39,1.021,2.64,9.6,1.44,15.64,2.0,1.17,6.13,999,132177580.58,186.06,-4.68,183.9098,-3.57,12.04,87.0,True,,753,NYSE:UHS,https://www.tradingview.com/chart/?symbol=NYSE%3AUHS
JOE,2026-10-09,64.86,90.6,COILED,NEAR_LOWER_EDGE,NONE,0.4,1.19,3.57,5.95,False,True,3.17,False,66.83,64.39,1.192,2.24,5.94,-1.52,5.66,-1.86,1.39,3.36,999,19231764.1,67.0,-3.19,72.2023,-10.17,2.97,76.0,True,,753,NYSE:JOE,https://www.tradingview.com/chart/?symbol=NYSE%3AJOE
ROKU,2026-10-09,152.85,89.68,COILED,NEAR_UPPER_EDGE,NONE,1.19,5.56,0.4,3.57,False,False,2.38,True,154.07,150.03,0.629,1.3,5.1,-1.34,6.28,-0.8,1.33,1.33,164,256850632.4,157.83,-3.16,159.89,-4.4,3.2,76.0,True,,753,NASDAQ:ROKU,https://www.tradingview.com/chart/?symbol=NASDAQ%3AROKU
IFF,2026-10-09,84.55,89.62,COILED,INSIDE_COIL,NONE,1.19,1.98,0.4,1.19,False,False,9.92,True,86.51,81.54,0.563,1.96,6.08,1.6,9.47,0.34,1.64,3.63,108,153643516.9,86.68,-2.46,88.8992,-4.89,8.93,84.0,True,,753,NYSE:IFF,https://www.tradingview.com/chart/?symbol=NYSE%3AIFF
VAC,2026-10-09,105.34,89.33,COILED,INSIDE_COIL,NONE,1.98,6.75,1.59,8.33,False,True,2.38,False,107.82,100.96,0.849,3.35,10.46,2.5,4.27,-1.02,2.27,8.88,156,38794396.6,107.82,-2.3,130.3012,-19.16,4.55,78.0,True,,753,NYSE:VAC,https://www.tradingview.com/chart/?symbol=NYSE%3AVAC
WWW,2026-10-09,19.43,88.71,COILED,NEAR_UPPER_EDGE,NONE,1.19,2.78,0.4,1.19,False,False,1.59,False,19.54,18.51,1.243,3.63,9.13,-2.0,4.28,-0.21,2.67,8.64,156,15191708.37,20.2833,-4.21,21.3577,-9.03,4.09,78.0,True,,753,NYSE:WWW,https://www.tradingview.com/chart/?symbol=NYSE%3AWWW
NBBK,2026-10-09,22.12,88.62,COILED,NEAR_LOWER_EDGE,NONE,3.17,1.98,1.59,12.3,False,True,7.94,False,22.77,21.7,1.036,2.02,7.01,-2.94,2.53,-2.16,1.67,4.74,117,5901850.12,23.25,-4.86,23.3995,-5.47,1.37,74.0,True,,698,NASDAQ:NBBK,https://www.tradingview.com/chart/?symbol=NASDAQ%3ANBBK
PSNL,2026-10-09,16.0,88.13,COILED,INSIDE_COIL,NONE,0.4,0.4,1.98,4.37,False,False,4.37,False,16.77,15.68,0.631,2.97,6.81,-1.3,2.7,1.2,1.92,9.42,103,35013439.77,16.77,-4.59,18.89,-15.3,2.2,75.0,True,,753,NASDAQ:PSNL,https://www.tradingview.com/chart/?symbol=NASDAQ%3APSNL
FAST,2026-10-09,50.75,86.15,COILED,NEAR_UPPER_EDGE,NONE,1.98,12.3,3.97,8.33,False,False,6.35,True,51.39,49.11,0.8,1.93,5.67,2.9,9.34,1.11,0.92,1.47,999,345409213.08,51.41,-1.28,52.92,-4.1,4.27,78.0,True,,753,NASDAQ:FAST,https://www.tradingview.com/chart/?symbol=NASDAQ%3AFAST
ATAT,2026-10-09,33.07,85.99,COILED,NEAR_UPPER_EDGE,NONE,9.92,1.59,1.98,5.95,False,False,2.78,False,33.125,31.3,2.374,2.78,7.26,2.04,1.44,-1.85,1.2,7.97,510,29300269.22,33.48,-1.22,40.5954,-18.54,1.1,73.0,True,,753,NASDAQ:ATAT,https://www.tradingview.com/chart/?symbol=NASDAQ%3AATAT
NMM,2026-10-09,93.06,84.45,COILED,NEAR_UPPER_EDGE,NONE,10.71,21.03,4.76,1.59,False,True,6.75,False,94.45,89.0,1.14,2.52,8.33,0.77,25.12,6.08,2.05,3.47,999,15480349.67,95.0,-2.04,92.7,0.39,19.32,91.0,True,,753,NYSE:NMM,https://www.tradingview.com/chart/?symbol=NYSE%3ANMM
CBC,2026-10-09,32.42,83.91,COILED,NEAR_UPPER_EDGE,NONE,13.93,0.48,1.98,30.88,False,True,21.23,True,32.445,30.53,0.631,2.2,7.83,0.03,1.57,0.47,0.84,2.32,999,51145999.25,33.07,-1.97,33.6915,-3.77,0.22,71.0,True,,221,NASDAQ:CBC,https://www.tradingview.com/chart/?symbol=NASDAQ%3ACBC
NEU,2026-10-09,893.36,83.87,COILED,NEAR_LOWER_EDGE,NONE,1.98,1.19,5.16,19.84,False,False,9.92,False,936.22,881.51,1.09,2.4,7.96,1.05,16.12,-1.08,2.91,5.63,999,112143576.93,936.22,-4.58,978.3154,-8.68,14.2,88.0,True,,753,NYSE:NEU,https://www.tradingview.com/chart/?symbol=NYSE%3ANEU
ASH,2026-10-09,70.57,83.87,COILED,INSIDE_COIL,NONE,1.98,0.4,3.17,24.6,False,False,22.22,True,72.08,67.0,0.83,2.44,7.2,-0.48,3.15,-1.45,1.77,7.34,675,46960886.78,72.08,-2.09,77.8018,-9.3,3.49,77.0,True,,753,NYSE:ASH,https://www.tradingview.com/chart/?symbol=NYSE%3AASH
GLBE,2026-10-09,40.39,83.77,COILED,INSIDE_COIL,NONE,19.05,7.94,25.0,5.16,False,True,0.4,True,41.35,38.35,0.561,3.54,15.47,8.63,5.32,2.0,1.54,2.95,162,61399487.15,42.39,-4.72,43.99,-8.18,0.24,71.0,True,,753,NASDAQ:GLBE,https://www.tradingview.com/chart/?symbol=NASDAQ%3AGLBE
SONY,2026-10-09,24.12,83.69,COILED,NEAR_UPPER_EDGE,NONE,15.08,15.87,1.98,4.76,False,False,6.75,True,24.09,23.17,0.814,2.0,7.5,0.92,12.76,1.67,2.57,4.92,999,83626248.46,24.67,-2.23,25.27,-4.55,12.45,87.0,True,,753,NYSE:SONY,https://www.tradingview.com/chart/?symbol=NYSE%3ASONY
USPH,2026-10-09,84.67,83.51,COILED,INSIDE_COIL,NONE,19.84,0.79,3.17,7.14,False,False,4.37,False,87.37,82.51,0.977,2.76,12.93,7.56,14.8,5.1,0.99,2.74,999,16337693.73,87.37,-3.09,82.938,2.09,14.79,89.0,True,,753,NYSE:USPH,https://www.tradingview.com/chart/?symbol=NYSE%3AUSPH
CPAY,2026-10-09,397.92,83.45,COILED,INSIDE_COIL,NONE,2.38,5.16,6.75,16.27,False,False,8.33,False,407.52,386.23,1.325,2.16,7.3,-2.52,7.02,-1.4,0.82,1.46,999,202949591.17,416.13,-4.38,427.46,-6.91,5.72,80.0,True,,753,NYSE:CPAY,https://www.tradingview.com/chart/?symbol=NYSE%3ACPAY
TECK,2026-10-09,68.05,83.43,COILED,NEAR_UPPER_EDGE,NONE,13.89,11.9,4.37,3.17,False,False,0.4,False,68.66,64.0,2.096,3.24,9.21,2.56,22.14,2.23,3.58,6.91,273,181711118.17,69.38,-1.92,72.4614,-6.09,12.36,87.0,True,,753,NYSE:TECK,https://www.tradingview.com/chart/?symbol=NYSE%3ATECK
PTGX,2026-10-09,143.73,83.13,COILED,NEAR_UPPER_EDGE,NONE,5.16,14.29,3.57,9.13,False,False,5.95,False,144.1,136.09,1.659,3.63,11.93,-3.0,8.87,-1.19,3.25,5.6,399,117320174.83,151.24,-4.97,160.81,-10.62,6.47,81.0,True,,753,NASDAQ:PTGX,https://www.tradingview.com/chart/?symbol=NASDAQ%3APTGX
RDVT,2026-10-09,79.78,82.92,COILED,INSIDE_COIL,NONE,1.59,4.37,13.1,20.24,False,False,1.59,False,81.795,76.49,0.962,3.34,11.73,6.34,20.66,8.17,2.13,6.28,999,15084142.07,81.795,-2.46,77.36,3.13,12.37,87.0,True,,753,NASDAQ:RDVT,https://www.tradingview.com/chart/?symbol=NASDAQ%3ARDVT
FCX,2026-10-09,73.69,82.86,COILED,NEAR_UPPER_EDGE,NONE,3.97,17.06,2.78,9.92,False,False,5.95,False,74.45,68.2,1.362,3.59,10.71,3.69,25.84,2.97,5.28,7.84,117,770333449.98,74.9,-1.62,80.24,-8.16,18.99,91.0,True,,753,NYSE:FCX,https://www.tradingview.com/chart/?symbol=NYSE%3AFCX
NHC,2026-10-09,227.11,82.77,COILED,INSIDE_COIL,NONE,15.48,16.27,2.78,9.13,False,False,6.35,True,232.17,219.51,0.671,2.77,5.77,1.48,1.4,1.68,1.0,4.78,999,24854460.36,232.17,-2.18,238.5748,-4.81,5.4,79.0,True,,753,AMEX:NHC,https://www.tradingview.com/chart/?symbol=AMEX%3ANHC
DUOL,2026-10-09,149.92,82.31,COILED,INSIDE_COIL,NONE,15.87,0.4,7.14,25.79,False,True,14.29,False,153.56,133.68,0.776,4.16,13.99,4.34,16.27,4.09,2.61,7.66,155,146295262.56,154.66,-3.06,167.38,-10.43,9.1,84.0,True,,753,NASDAQ:DUOL,https://www.tradingview.com/chart/?symbol=NASDAQ%3ADUOL
PLUS,2026-10-09,93.3,82.2,COILED,NEAR_UPPER_EDGE,NONE,0.79,5.56,0.79,22.22,False,False,20.24,False,94.44,87.87,1.187,2.72,7.04,1.6,6.65,3.53,1.29,1.66,420,21965581.92,94.44,-1.21,97.8328,-4.63,-0.19,70.0,True,,753,NASDAQ:PLUS,https://www.tradingview.com/chart/?symbol=NASDAQ%3APLUS
BLCO,2026-10-09,17.3,82.16,COILED,NEAR_UPPER_EDGE,NONE,18.25,1.59,3.57,11.51,False,False,9.52,False,17.5,16.6,0.889,2.33,6.13,0.29,2.91,0.79,1.46,2.71,363,5524690.7,17.79,-2.75,18.465,-6.31,2.54,75.0,True,,753,NYSE:BLCO,https://www.tradingview.com/chart/?symbol=NYSE%3ABLCO
OSBC,2026-10-09,24.61,81.92,COILED,INSIDE_COIL,NONE,8.33,15.87,5.95,3.57,False,False,23.41,True,25.32,23.99,0.627,1.93,7.52,-3.79,3.34,-2.49,1.41,1.75,999,14127982.5,25.84,-4.76,26.06,-5.56,2.83,76.0,True,,753,NASDAQ:OSBC,https://www.tradingview.com/chart/?symbol=NASDAQ%3AOSBC
ICFI,2026-10-09,87.55,81.76,COILED,NEAR_UPPER_EDGE,NONE,14.68,3.97,13.49,5.56,False,False,19.84,True,87.67,81.01,0.787,2.85,10.28,1.86,8.2,0.99,1.53,2.33,405,16600830.44,90.01,-2.73,95.5312,-8.35,6.63,81.0,True,,753,NASDAQ:ICFI,https://www.tradingview.com/chart/?symbol=NASDAQ%3AICFI
BLK,2026-10-09,1082.39,81.69,COILED,NEAR_UPPER_EDGE,NONE,9.52,21.03,2.38,5.56,False,False,5.95,False,1089.37,1040.42,0.996,2.12,7.45,0.25,0.08,-2.14,1.43,1.92,999,564491734.26,1098.11,-1.43,1181.1088,-8.36,1.28,74.0,True,,753,NYSE:BLK,https://www.tradingview.com/chart/?symbol=NYSE%3ABLK
SCCO,2026-10-09,209.21,81.67,COILED,NEAR_UPPER_EDGE,NONE,4.76,25.0,3.57,9.92,False,False,1.19,False,211.08,196.0,1.9,3.58,13.18,8.12,21.19,4.87,4.76,5.94,999,188892420.83,211.08,-0.89,220.78,-5.24,17.8,90.0,True,,753,NYSE:SCCO,https://www.tradingview.com/chart/?symbol=NYSE%3ASCCO
PK,2026-10-09,15.17,81.55,COILED,INSIDE_COIL,NONE,1.19,3.97,13.89,28.17,False,False,2.78,False,15.7,14.7198,0.621,2.52,8.67,0.9,5.6,0.76,1.36,2.02,999,53313923.61,15.7,-3.38,15.9399,-4.83,4.55,78.0,True,,753,NYSE:PK,https://www.tradingview.com/chart/?symbol=NYSE%3APK
GSL,2026-10-09,44.58,81.47,COILED,INSIDE_COIL,NONE,1.59,21.03,3.97,2.78,False,False,18.65,False,46.12,43.25,1.01,2.34,7.45,-2.71,8.65,0.96,1.32,1.96,999,13736147.58,46.57,-4.27,46.5,-4.13,6.65,81.0,True,,753,NYSE:GSL,https://www.tradingview.com/chart/?symbol=NYSE%3AGSL
SOLV,2026-10-09,87.29,81.43,COILED,INSIDE_COIL,NONE,3.57,11.9,2.38,23.81,False,False,9.52,False,89.89,85.25,1.1,2.14,7.58,-0.18,6.84,-1.28,1.63,3.24,999,82733861.63,91.87,-4.99,94.16,-7.3,8.57,83.0,True,,638,NYSE:SOLV,https://www.tradingview.com/chart/?symbol=NYSE%3ASOLV
GSAT,2026-10-09,83.82,81.21,COILED,NEAR_UPPER_EDGE,NONE,5.56,0.79,14.68,27.78,False,False,2.78,False,83.74,82.25,1.182,0.76,2.74,1.62,5.39,1.41,0.96,1.42,131,50136703.4,83.74,0.1,84.85,-1.21,0.82,72.0,True,,753,NASDAQ:GSAT,https://www.tradingview.com/chart/?symbol=NASDAQ%3AGSAT
MUR,2026-10-09,38.68,81.11,COILED,NEAR_UPPER_EDGE,NONE,23.41,5.16,10.71,15.08,False,False,5.16,True,38.95,35.7,0.477,3.48,14.04,0.47,10.17,5.21,2.75,5.38,999,61812984.46,40.69,-4.94,41.6191,-7.06,7.78,82.0,True,,753,NYSE:MUR,https://www.tradingview.com/chart/?symbol=NYSE%3AMUR
ADUS,2026-10-09,114.33,81.07,COILED,INSIDE_COIL,NONE,2.38,2.78,20.63,21.83,False,False,16.67,True,117.31,109.88,0.403,2.52,8.37,-2.36,0.45,-1.84,1.91,6.01,999,25250203.13,120.35,-5.0,123.14,-7.15,0.84,73.0,True,,753,NASDAQ:ADUS,https://www.tradingview.com/chart/?symbol=NASDAQ%3AADUS
STGW,2026-10-09,8.65,80.99,COILED,NEAR_UPPER_EDGE,NONE,8.33,0.79,7.94,17.86,False,False,19.44,False,8.8,8.05,1.16,3.21,9.83,0.58,13.07,-0.24,4.43,4.43,148,12486825.57,8.83,-2.04,9.55,-9.42,5.73,80.0,True,,753,NASDAQ:STGW,https://www.tradingview.com/chart/?symbol=NASDAQ%3ASTGW
CLH,2026-10-09,316.93,80.77,COILED,INSIDE_COIL,NONE,3.97,4.37,4.76,12.3,False,False,31.75,False,327.46,308.32,1.039,1.95,6.04,-1.82,2.05,0.42,1.79,8.99,237,123362098.83,327.46,-3.22,335.94,-5.66,0.19,71.0,True,,753,NYSE:CLH,https://www.tradingview.com/chart/?symbol=NYSE%3ACLH
HGTY,2026-10-09,14.21,80.63,COILED,NEAR_UPPER_EDGE,NONE,1.59,5.95,3.57,19.44,False,False,28.17,False,14.26,13.18,0.9,2.93,8.3,4.87,18.91,6.53,1.03,8.6,999,5722681.69,14.26,-0.35,13.97,1.72,9.77,85.0,True,,753,NYSE:HGTY,https://www.tradingview.com/chart/?symbol=NYSE%3AHGTY
MSA,2026-10-09,180.71,80.52,COILED,INSIDE_COIL,NONE,13.89,15.48,3.17,1.59,False,False,18.25,False,184.67,175.3,1.136,2.13,5.44,-0.81,4.52,-2.69,1.35,5.14,999,46054096.14,184.67,-2.14,196.0007,-7.8,3.33,77.0,True,,753,NYSE:MSA,https://www.tradingview.com/chart/?symbol=NYSE%3AMSA
DRH,2026-10-09,12.62,80.43,COILED,INSIDE_COIL,NONE,2.38,26.19,5.16,17.86,False,False,14.29,True,12.91,12.1519,0.531,2.25,8.05,4.36,3.68,1.97,3.2,3.28,999,40312576.01,12.91,-2.25,13.6684,-7.67,2.99,76.0,True,,753,NASDAQ:DRH,https://www.tradingview.com/chart/?symbol=NASDAQ%3ADRH
SXT,2026-10-09,130.37,80.38,COILED,INSIDE_COIL,NONE,4.37,5.95,1.19,31.35,False,False,17.46,False,135.52,127.4,0.842,2.37,7.83,1.38,18.05,-0.58,1.98,2.52,164,45160051.37,135.52,-3.8,138.82,-6.09,10.56,85.0,True,,753,NYSE:SXT,https://www.tradingview.com/chart/?symbol=NYSE%3ASXT
BIIB,2026-10-09,225.71,80.28,COILED,INSIDE_COIL,NONE,3.17,15.08,16.67,4.37,False,False,13.89,False,230.49,215.73,1.329,2.68,7.51,3.94,8.04,3.99,1.77,2.44,999,255629742.5,230.49,-2.07,225.8,-0.04,3.8,77.0,True,,753,NASDAQ:BIIB,https://www.tradingview.com/chart/?symbol=NASDAQ%3ABIIB
MMSI,2026-10-09,87.21,80.16,COILED,NEAR_UPPER_EDGE,NONE,14.29,15.08,3.17,6.75,False,False,15.48,False,88.9,83.94,1.267,2.36,5.69,0.98,15.43,-0.94,1.35,5.15,999,49173879.01,88.9,-1.9,92.26,-5.47,14.86,89.0,True,,753,NASDAQ:MMSI,https://www.tradingview.com/chart/?symbol=NASDAQ%3AMMSI
GEF,2026-10-09,81.82,80.15,COILED,INSIDE_COIL,NONE,2.38,27.78,6.75,8.73,False,False,21.03,True,83.5,78.36,0.621,2.3,8.59,0.14,8.33,-2.83,1.5,3.8,999,32797531.31,85.39,-4.18,89.8926,-8.98,11.34,86.0,True,,753,NYSE:GEF,https://www.tradingview.com/chart/?symbol=NYSE%3AGEF
HMC,2026-10-09,32.7,79.98,COILED,NEAR_UPPER_EDGE,NONE,7.54,25.0,1.19,5.95,False,False,15.87,False,33.1,31.21,0.774,1.73,5.78,0.55,13.66,2.62,2.52,4.68,306,32582065.03,33.1,-1.21,33.45,-2.24,13.27,88.0,True,,753,NYSE:HMC,https://www.tradingview.com/chart/?symbol=NYSE%3AHMC
BSM,2026-10-09,14.81,79.78,COILED,NEAR_UPPER_EDGE,NONE,15.48,6.35,23.02,21.03,False,True,20.63,True,14.869,14.26,0.567,1.62,6.35,-1.2,5.9,1.02,1.05,1.17,999,5235589.59,15.2,-2.57,15.1,-1.92,1.64,74.0,True,,753,NYSE:BSM,https://www.tradingview.com/chart/?symbol=NYSE%3ABSM
BCPC,2026-10-09,167.83,79.76,COILED,NEAR_UPPER_EDGE,NONE,7.54,10.71,0.79,1.98,False,False,40.87,False,169.63,161.05,1.023,2.05,5.96,2.09,0.96,-2.55,1.34,1.9,999,43382721.35,170.62,-1.64,182.99,-8.28,-0.22,70.0,True,,753,NASDAQ:BCPC,https://www.tradingview.com/chart/?symbol=NASDAQ%3ABCPC
ABM,2026-10-09,49.63,79.72,COILED,NEAR_UPPER_EDGE,NONE,13.49,23.81,2.38,9.92,False,False,19.05,True,49.92,47.62,0.753,2.22,6.29,1.01,3.66,2.97,1.94,2.64,999,24022124.06,50.7422,-2.19,50.9808,-2.65,5.89,80.0,True,,753,NYSE:ABM,https://www.tradingview.com/chart/?symbol=NYSE%3AABM
JOYY,2026-10-09,81.05,78.89,COILED,NEAR_UPPER_EDGE,NONE,0.4,0.4,28.97,49.6,False,True,4.76,False,81.93,77.52,1.1,2.17,8.75,6.96,19.21,7.64,2.86,3.5,95,27965510.07,81.93,-1.07,79.3442,2.15,14.3,88.0,True,,753,NASDAQ:JOYY,https://www.tradingview.com/chart/?symbol=NASDAQ%3AJOYY
ZIM,2026-10-09,29.99,78.71,COILED,NEAR_UPPER_EDGE,NONE,9.52,24.21,9.92,7.54,True,False,42.86,False,30.335,27.0,0.846,2.85,13.2,1.42,22.36,5.75,2.84,5.93,163,46711856.76,30.96,-3.13,30.4,-1.35,21.83,92.0,True,,753,NYSE:ZIM,https://www.tradingview.com/chart/?symbol=NYSE%3AZIM
BHP,2026-10-09,86.74,78.67,COILED,NEAR_UPPER_EDGE,NONE,16.27,29.76,0.79,5.16,False,False,7.94,False,87.87,82.93,1.061,2.36,6.2,-0.47,9.82,-1.35,3.83,4.85,999,235768746.01,88.31,-1.78,96.6019,-10.21,4.74,79.0,True,,753,NYSE:BHP,https://www.tradingview.com/chart/?symbol=NYSE%3ABHP
AI,2026-10-09,11.53,77.72,COILED,NEAR_UPPER_EDGE,NONE,7.14,0.4,7.14,34.92,False,False,27.38,False,11.47,10.2,1.0,4.02,13.44,9.39,29.41,9.99,1.91,3.23,156,48284469.7,11.47,0.52,11.82,-2.45,21.69,92.0,True,,753,NYSE:AI,https://www.tradingview.com/chart/?symbol=NYSE%3AAI
PEB,2026-10-09,19.12,77.63,COILED,NEAR_UPPER_EDGE,NONE,0.79,3.57,24.6,50.79,False,False,6.35,True,19.5,18.2303,0.732,2.63,10.56,7.23,2.25,4.07,3.67,3.67,999,41940693.93,19.5,-1.95,19.9193,-4.01,0.24,71.0,True,,753,NYSE:PEB,https://www.tradingview.com/chart/?symbol=NYSE%3APEB
CHT,2026-10-09,45.99,77.5,COILED,NEAR_UPPER_EDGE,NONE,18.65,29.76,9.13,13.1,False,True,13.49,False,46.34,45.19,1.327,1.18,4.33,2.54,8.75,4.13,1.57,1.57,999,11955714.55,46.41,-0.9,44.74,2.79,6.69,81.0,True,,753,NYSE:CHT,https://www.tradingview.com/chart/?symbol=NYSE%3ACHT
NPK,2026-10-09,151.59,77.48,COILED,NEAR_UPPER_EDGE,NONE,17.06,13.1,13.1,5.95,False,False,19.84,False,153.3,142.61,0.868,2.89,9.27,-1.74,24.17,3.31,1.68,1.89,999,17214195.13,156.66,-3.24,158.17,-4.16,19.06,91.0,True,,753,NYSE:NPK,https://www.tradingview.com/chart/?symbol=NYSE%3ANPK
VLTO,2026-10-09,96.93,77.2,COILED,NEAR_UPPER_EDGE,NONE,21.43,23.41,0.4,13.89,False,False,11.11,False,97.35,93.545,0.722,1.85,4.11,3.15,3.03,0.42,1.88,3.1,999,176036022.3,97.4438,-0.53,102.1125,-5.08,0.28,71.0,True,,753,NYSE:VLTO,https://www.tradingview.com/chart/?symbol=NYSE%3AVLTO
TGT,2026-10-09,153.64,77.12,COILED,INSIDE_COIL,NONE,15.08,9.13,3.57,30.56,False,False,18.25,False,160.8,150.46,0.682,2.46,6.73,-1.41,10.42,-1.89,1.8,3.07,286,593215547.09,160.8,-4.45,170.75,-10.02,10.69,86.0,True,,753,NYSE:TGT,https://www.tradingview.com/chart/?symbol=NYSE%3ATGT
AAPL,2026-10-09,336.64,76.81,COILED,NEAR_UPPER_EDGE,NONE,17.86,31.75,1.19,2.78,False,False,17.46,False,342.99,325.81,2.132,2.0,5.8,1.32,1.1,4.43,2.56,8.58,999,12667175663.87,345.34,-2.52,344.2731,-2.22,2.0,75.0,True,,753,NASDAQ:AAPL,https://www.tradingview.com/chart/?symbol=NASDAQ%3AAAPL
ULTA,2026-10-09,570.37,76.67,COILED,NEAR_UPPER_EDGE,NONE,19.84,19.84,6.75,16.27,False,False,10.71,False,567.32,534.05,0.961,2.66,7.36,4.31,19.11,5.56,1.78,1.97,342,244459094.26,567.32,0.54,578.63,-1.43,16.32,90.0,True,,753,NASDAQ:ULTA,https://www.tradingview.com/chart/?symbol=NASDAQ%3AULTA
EXEL,2026-10-09,59.86,76.51,COILED,INSIDE_COIL,NONE,0.4,28.17,6.75,26.98,False,False,15.87,False,61.14,57.02,0.929,2.84,10.34,6.66,7.51,6.62,0.79,6.67,302,128568494.86,61.14,-2.09,59.72,0.23,2.63,75.0,True,,753,NASDAQ:EXEL,https://www.tradingview.com/chart/?symbol=NASDAQ%3AEXEL
GGG,2026-10-09,78.21,76.35,COILED,NEAR_UPPER_EDGE,NONE,14.29,12.3,13.89,32.54,False,False,17.86,True,79.73,76.44,0.41,1.77,5.18,1.97,3.09,-1.11,1.46,2.91,999,120390393.65,79.73,-1.91,87.9906,-11.12,2.04,75.0,True,,753,NYSE:GGG,https://www.tradingview.com/chart/?symbol=NYSE%3AGGG
HNI,2026-10-09,46.86,76.07,COILED,INSIDE_COIL,NONE,18.65,43.65,0.4,1.59,False,False,21.03,True,48.33,44.8,0.485,3.04,7.58,-0.02,11.88,-1.57,2.35,3.34,298,26155528.94,48.35,-3.08,50.0568,-6.39,14.66,89.0,True,,753,NYSE:HNI,https://www.tradingview.com/chart/?symbol=NYSE%3AHNI
ICE,2026-10-09,156.19,76.05,COILED,NEAR_UPPER_EDGE,NONE,14.68,29.76,5.56,3.97,False,False,35.71,True,158.08,147.5,0.672,2.11,8.0,-0.44,10.55,0.62,1.55,1.55,999,398050773.56,159.998,-2.38,164.7284,-5.18,9.65,84.0,True,,753,NYSE:ICE,https://www.tradingview.com/chart/?symbol=NYSE%3AICE
LB,2026-10-09,86.25,75.91,COILED,INSIDE_COIL,NONE,16.27,0.79,17.06,28.17,False,False,20.24,False,88.99,79.38,0.838,3.54,11.14,-0.69,12.12,3.35,2.06,4.18,999,19264466.83,88.99,-3.08,91.5658,-5.81,5.8,80.0,True,,573,NYSE:LB,https://www.tradingview.com/chart/?symbol=NYSE%3ALB
RMD,2026-10-09,230.05,75.89,COILED,NEAR_UPPER_EDGE,NONE,25.0,17.86,4.76,14.29,False,False,16.27,False,228.75,218.03,0.936,2.36,7.09,5.4,13.78,2.24,1.51,7.19,615,262362654.03,234.33,-1.83,242.4,-5.09,12.04,87.0,True,,753,NYSE:RMD,https://www.tradingview.com/chart/?symbol=NYSE%3ARMD
MEOH,2026-10-09,62.1,75.58,COILED,NEAR_UPPER_EDGE,NONE,15.08,12.7,11.9,16.67,False,False,26.59,False,62.82,57.01,0.74,3.14,11.8,-0.99,17.11,6.24,2.71,3.62,128,51986004.26,64.5143,-3.74,65.7929,-5.61,18.12,90.0,True,,753,NASDAQ:MEOH,https://www.tradingview.com/chart/?symbol=NASDAQ%3AMEOH
GO,2026-10-09,11.96,75.52,COILED,INSIDE_COIL,NONE,20.63,3.57,7.14,19.84,False,False,34.92,False,12.23,10.77,0.922,4.02,12.21,6.31,24.84,6.37,6.3,9.44,102,24638017.43,12.23,-2.21,12.67,-5.6,16.5,90.0,True,,753,NASDAQ:GO,https://www.tradingview.com/chart/?symbol=NASDAQ%3AGO
OSCR,2026-10-09,33.37,75.38,COILED,NEAR_UPPER_EDGE,NONE,2.78,7.14,19.44,34.52,False,False,23.81,False,33.51,28.8,0.98,4.7,18.52,1.83,15.63,7.47,3.52,8.57,128,171842029.73,34.48,-3.22,33.548,-0.53,1.42,74.0,True,,753,NYSE:OSCR,https://www.tradingview.com/chart/?symbol=NYSE%3AOSCR
AAMI,2026-10-09,93.71,75.34,COILED,INSIDE_COIL,NONE,14.68,25.79,12.3,11.51,False,False,15.87,False,97.39,89.413,0.9,3.36,12.58,2.96,12.66,1.72,2.21,2.8,999,46323677.37,97.39,-3.78,98.413,-4.78,14.85,89.0,True,,753,NYSE:AAMI,https://www.tradingview.com/chart/?symbol=NYSE%3AAAMI
ECL,2026-10-09,281.83,75.19,COMPRESSED,NEAR_UPPER_EDGE,NONE,7.54,25.4,5.56,29.76,False,False,30.95,True,282.74,267.46,0.423,1.86,5.42,2.32,2.49,1.12,1.06,2.44,551,323852710.85,282.74,-0.32,294.5475,-4.32,-0.24,70.0,True,,753,NYSE:ECL,https://www.tradingview.com/chart/?symbol=NYSE%3AECL
CHCO,2026-10-09,139.97,75.08,COILED,NEAR_LOWER_EDGE,NONE,20.63,4.76,31.35,7.54,False,False,16.27,False,143.79,137.7,0.68,1.68,5.94,-2.77,1.65,-2.46,0.83,1.34,999,19003424.33,146.02,-4.14,148.99,-6.05,0.97,73.0,True,,753,NASDAQ:CHCO,https://www.tradingview.com/chart/?symbol=NASDAQ%3ACHCO
ATEC,2026-10-09,10.67,74.56,COMPRESSED,INSIDE_COIL,NONE,24.21,25.79,3.97,12.7,False,False,18.25,False,10.89,9.72,1.075,4.31,12.28,0.85,15.1,8.65,2.75,8.03,108,23078243.77,11.03,-3.26,11.78,-9.42,5.37,79.0,True,,753,NASDAQ:ATEC,https://www.tradingview.com/chart/?symbol=NASDAQ%3AATEC
DNOW,2026-10-09,15.57,74.52,COMPRESSED,INSIDE_COIL,NONE,39.68,18.25,3.57,3.57,False,False,30.95,True,16.215,14.955,0.382,2.97,8.19,-0.51,12.26,-1.14,0.97,8.51,160,36187489.61,16.23,-4.07,17.2,-9.48,15.13,89.0,True,,753,NYSE:DNOW,https://www.tradingview.com/chart/?symbol=NYSE%3ADNOW
VNT,2026-10-09,32.24,74.52,COMPRESSED,INSIDE_COIL,NONE,11.11,26.19,5.16,32.54,False,False,27.38,True,32.908,30.605,0.805,2.53,7.7,0.22,5.44,-0.74,1.71,7.85,549,43633102.12,32.908,-2.03,37.8975,-14.93,5.79,80.0,True,,753,NYSE:VNT,https://www.tradingview.com/chart/?symbol=NYSE%3AVNT
BHC,2026-10-09,6.04,74.06,COMPRESSED,INSIDE_COIL,NONE,0.79,17.06,11.11,48.41,False,False,32.54,True,6.33,5.6,0.577,3.96,13.08,3.07,22.52,-2.67,2.13,6.2,369,11493663.03,6.33,-4.58,7.3,-17.26,20.35,91.0,True,,753,NYSE:BHC,https://www.tradingview.com/chart/?symbol=NYSE%3ABHC
AMTB,2026-10-09,28.77,74.03,COMPRESSED,NEAR_LOWER_EDGE,NONE,12.7,25.4,7.54,18.65,False,False,26.98,False,30.04,28.24,1.516,2.64,7.47,-1.88,9.31,-1.19,1.69,2.9,367,10674622.51,30.24,-4.86,30.5057,-5.69,8.42,83.0,True,,753,NYSE:AMTB,https://www.tradingview.com/chart/?symbol=NYSE%3AAMTB
LNG,2026-10-09,278.18,73.33,COMPRESSED,NEAR_UPPER_EDGE,NONE,34.13,37.3,1.19,13.1,False,True,34.52,True,279.25,259.5,0.475,2.5,8.65,-0.06,7.64,1.64,3.84,5.03,999,511683420.44,283.55,-1.89,299.18,-7.02,1.7,74.0,True,,753,NYSE:LNG,https://www.tradingview.com/chart/?symbol=NYSE%3ALNG
KO,2026-10-09,88.05,72.58,COMPRESSED,NEAR_UPPER_EDGE,NONE,19.05,28.57,11.51,17.06,False,False,20.24,False,88.32,85.13,0.845,1.46,5.33,0.32,4.3,0.45,1.94,5.03,999,1407206267.22,89.824,-1.97,91.9414,-4.23,0.95,73.0,True,,753,NYSE:KO,https://www.tradingview.com/chart/?symbol=NYSE%3AKO
FRHC,2026-10-09,169.65,72.46,COMPRESSED,INSIDE_COIL,NONE,43.65,16.67,15.08,6.75,False,False,23.02,True,178.0,162.01,0.513,3.56,9.71,2.51,13.35,3.46,1.93,2.15,999,16666962.06,178.0,-4.69,176.19,-3.71,1.31,74.0,True,,753,NASDAQ:FRHC,https://www.tradingview.com/chart/?symbol=NASDAQ%3AFRHC
BDX,2026-10-09,183.75,71.98,COMPRESSED,NEAR_UPPER_EDGE,NONE,37.7,26.59,6.35,10.32,False,False,28.97,True,187.45,175.71,0.525,2.16,6.39,3.32,15.57,1.32,1.48,3.06,999,341605774.44,187.45,-1.97,191.9381,-4.27,15.97,89.0,True,,753,NYSE:BDX,https://www.tradingview.com/chart/?symbol=NYSE%3ABDX
VRTX,2026-10-09,510.08,71.98,COMPRESSED,INSIDE_COIL,NONE,2.38,11.9,17.46,44.05,False,False,33.73,False,529.89,496.15,1.345,2.26,6.61,-1.04,4.95,-2.0,2.15,8.75,297,540956540.83,529.89,-3.74,560.25,-8.95,2.03,75.0,True,,753,NASDAQ:VRTX,https://www.tradingview.com/chart/?symbol=NASDAQ%3AVRTX
AMN,2026-10-09,36.52,71.73,COMPRESSED,INSIDE_COIL,NONE,5.16,3.17,17.86,50.4,False,False,36.51,False,38.44,34.0,1.145,3.53,13.77,9.54,6.72,5.98,2.4,3.57,106,24440725.85,38.44,-4.99,37.22,-1.88,3.29,76.0,True,,753,NYSE:AMN,https://www.tradingview.com/chart/?symbol=NYSE%3AAMN
GILD,2026-10-09,151.17,71.27,COMPRESSED,NEAR_UPPER_EDGE,NONE,7.54,15.48,23.02,30.95,False,False,32.54,False,152.74,142.6,1.508,2.35,7.67,5.78,11.53,4.82,1.33,2.66,999,868635969.26,154.2,-1.96,151.6956,-0.35,11.51,86.0,True,,753,NASDAQ:GILD,https://www.tradingview.com/chart/?symbol=NASDAQ%3AGILD
DSGX,2026-10-09,82.82,71.09,COMPRESSED,NEAR_UPPER_EDGE,NONE,19.05,31.35,0.4,11.9,False,False,46.43,False,83.68,75.57,1.161,3.33,10.58,8.92,9.1,5.45,2.19,2.42,338,47596664.38,83.68,-1.03,82.65,0.21,9.64,84.0,True,,753,NASDAQ:DSGX,https://www.tradingview.com/chart/?symbol=NASDAQ%3ADSGX
ABBV,2026-10-09,276.47,70.81,COMPRESSED,NEAR_UPPER_EDGE,NONE,1.19,17.46,6.75,53.97,False,False,40.08,False,274.94,257.87,1.024,2.13,7.16,7.53,8.68,6.79,1.77,2.3,478,1202394022.32,274.94,0.56,267.47,3.36,8.09,83.0,True,,753,NYSE:ABBV,https://www.tradingview.com/chart/?symbol=NYSE%3AABBV
PCTY,2026-10-09,153.96,70.65,COMPRESSED,NEAR_UPPER_EDGE,NONE,17.46,20.24,15.48,32.14,False,False,39.29,True,153.15,139.42,0.719,2.8,10.32,8.68,21.36,4.07,3.76,4.66,610,97945828.8,153.15,0.53,161.93,-4.92,19.48,91.0,True,,753,NASDAQ:PCTY,https://www.tradingview.com/chart/?symbol=NASDAQ%3APCTY
JJSF,2026-10-09,81.13,70.6,COMPRESSED,NEAR_UPPER_EDGE,NONE,9.92,8.33,23.41,22.62,False,False,51.19,False,81.78,76.23,1.512,2.44,10.39,-1.65,4.63,-2.41,1.76,3.26,359,17244294.76,84.66,-4.17,91.3354,-11.17,2.76,76.0,True,,753,NASDAQ:JJSF,https://www.tradingview.com/chart/?symbol=NASDAQ%3AJJSF
CCC,2026-10-09,7.02,70.26,COMPRESSED,NEAR_UPPER_EDGE,NONE,35.32,30.56,11.11,1.19,False,False,27.78,False,7.04,6.43,3.389,4.15,13.39,1.89,13.78,2.03,2.46,9.26,64,82928484.46,7.08,-0.85,7.68,-8.59,8.5,83.0,True,,753,NASDAQ:CCC,https://www.tradingview.com/chart/?symbol=NASDAQ%3ACCC
CRBG,2026-10-09,34.09,69.98,COMPRESSED,INSIDE_COIL,NONE,3.97,23.02,9.13,29.37,False,False,55.95,False,35.57,32.28,1.027,2.54,9.86,-0.97,7.84,1.86,1.87,4.18,999,174541123.95,35.64,-4.35,34.5714,-1.39,7.22,82.0,True,,753,NYSE:CRBG,https://www.tradingview.com/chart/?symbol=NYSE%3ACRBG
LQDT,2026-10-09,43.13,69.94,COMPRESSED,INSIDE_COIL,NONE,13.89,26.98,1.98,26.98,False,False,49.6,False,45.0,40.89,1.144,2.82,9.53,1.51,5.14,2.39,2.54,6.55,221,11537776.93,45.0,-4.16,44.09,-2.18,6.75,81.0,True,,753,NASDAQ:LQDT,https://www.tradingview.com/chart/?symbol=NASDAQ%3ALQDT
BXSL,2026-10-09,23.86,69.78,COMPRESSED,NEAR_UPPER_EDGE,NONE,26.59,19.44,15.48,33.33,False,False,19.44,False,24.25,23.17,0.694,1.75,6.51,0.9,1.82,0.4,0.68,2.36,999,36665671.63,24.7222,-3.49,24.4509,-2.42,1.21,73.0,True,,753,NYSE:BXSL,https://www.tradingview.com/chart/?symbol=NYSE%3ABXSL
CRVL,2026-10-09,77.16,69.64,COMPRESSED,NEAR_UPPER_EDGE,NONE,0.4,0.4,50.4,66.27,False,False,1.19,False,77.49,73.34,1.117,2.24,10.86,11.39,23.95,11.06,0.9,1.72,999,16524302.39,77.49,-0.43,72.58,6.31,17.77,90.0,True,,753,NASDAQ:CRVL,https://www.tradingview.com/chart/?symbol=NASDAQ%3ACRVL
FUTU,2026-10-09,113.71,69.5,COMPRESSED,NEAR_UPPER_EDGE,NONE,29.76,28.97,8.33,7.14,False,False,40.08,False,114.765,101.11,1.123,4.02,14.01,0.87,16.6,0.97,4.69,7.52,96,122084780.48,117.042,-2.85,168.96,-32.7,13.84,88.0,True,,753,NASDAQ:FUTU,https://www.tradingview.com/chart/?symbol=NASDAQ%3AFUTU
ALRM,2026-10-09,55.65,69.38,COMPRESSED,NEAR_UPPER_EDGE,NONE,13.49,15.87,17.46,36.9,False,False,38.1,False,56.7,52.24,0.722,2.36,8.66,0.52,2.87,0.1,1.41,1.82,479,26897811.52,56.94,-2.27,58.145,-4.29,2.35,75.0,True,,753,NASDAQ:ALRM,https://www.tradingview.com/chart/?symbol=NASDAQ%3AALRM
CNQ,2026-10-09,49.65,69.37,COMPRESSED,NEAR_UPPER_EDGE,NONE,33.33,36.9,17.46,7.14,False,False,13.49,False,49.18,46.58,0.752,2.48,10.55,-0.84,16.88,2.12,1.68,3.85,999,272487389.91,51.82,-4.19,51.8446,-4.23,12.18,87.0,True,,753,NYSE:CNQ,https://www.tradingview.com/chart/?symbol=NYSE%3ACNQ
NDAQ,2026-10-09,93.65,68.27,COMPRESSED,NEAR_UPPER_EDGE,NONE,40.87,37.3,34.52,4.76,False,False,3.17,True,95.17,89.67,0.849,2.19,9.42,2.7,-0.3,-0.93,1.28,2.38,999,308238647.8,96.76,-3.21,100.6298,-6.94,1.15,73.0,True,,753,NASDAQ:NDAQ,https://www.tradingview.com/chart/?symbol=NASDAQ%3ANDAQ
E,2026-10-09,56.0,67.94,COMPRESSED,NEAR_UPPER_EDGE,NONE,38.1,44.84,10.71,8.33,False,False,13.89,False,56.23,53.65,0.978,1.86,6.62,1.09,17.94,2.83,3.26,6.67,999,18342887.11,56.23,-0.41,57.0789,-1.89,10.42,85.0,True,,753,NYSE:E,https://www.tradingview.com/chart/?symbol=NYSE%3AE
ADP,2026-10-09,270.88,67.92,COMPRESSED,NEAR_UPPER_EDGE,NONE,31.35,32.14,31.75,16.67,False,True,36.9,True,271.73,255.96,0.604,2.07,8.33,0.98,6.26,0.04,2.1,2.9,999,583488920.92,278.52,-2.74,286.1686,-5.34,4.41,78.0,True,,753,NASDAQ:ADP,https://www.tradingview.com/chart/?symbol=NASDAQ%3AADP
ECPG,2026-10-09,99.77,67.82,COMPRESSED,NEAR_UPPER_EDGE,NONE,25.4,24.6,29.37,43.25,False,True,32.14,True,100.59,92.83,0.555,3.07,10.16,1.23,8.07,1.54,1.65,9.17,231,29036363.43,102.97,-3.11,104.98,-4.96,5.56,80.0,True,,753,NASDAQ:ECPG,https://www.tradingview.com/chart/?symbol=NASDAQ%3AECPG
LH,2026-10-09,312.15,66.96,COMPRESSED,NEAR_UPPER_EDGE,NONE,30.56,22.62,36.11,19.05,False,False,15.48,False,315.48,302.71,1.019,2.17,8.09,0.2,10.95,-2.32,5.46,5.46,999,252029165.22,327.95,-4.82,341.0687,-8.48,8.88,84.0,True,,753,NYSE:LH,https://www.tradingview.com/chart/?symbol=NYSE%3ALH
WSM,2026-10-09,241.78,66.88,COMPRESSED,NEAR_UPPER_EDGE,NONE,11.51,1.59,46.43,63.89,False,False,24.21,True,246.43,225.22,0.559,2.78,12.3,6.87,6.22,3.14,2.04,4.58,381,268181491.69,246.43,-1.89,254.89,-5.14,7.79,82.0,True,,753,NYSE:WSM,https://www.tradingview.com/chart/?symbol=NYSE%3AWSM
EQH,2026-10-09,52.92,66.63,COMPRESSED,INSIDE_COIL,NONE,15.87,32.54,5.95,19.84,False,False,63.49,False,55.225,49.83,1.059,2.65,10.19,-0.79,8.68,2.22,1.14,2.79,999,167164458.37,55.225,-4.17,53.56,-1.19,7.23,82.0,True,,753,NYSE:EQH,https://www.tradingview.com/chart/?symbol=NYSE%3AEQH
KNTK,2026-10-09,53.46,66.55,COMPRESSED,INSIDE_COIL,NONE,14.68,10.71,22.22,35.71,False,False,57.14,False,54.6,49.2,0.88,2.84,11.65,-2.36,8.9,0.98,1.37,3.57,999,74683634.53,55.43,-3.55,56.92,-6.08,3.3,76.0,True,,753,NYSE:KNTK,https://www.tradingview.com/chart/?symbol=NYSE%3AKNTK
COKE,2026-10-09,196.24,66.41,COMPRESSED,NEAR_UPPER_EDGE,NONE,48.02,36.9,15.48,9.13,False,False,14.29,False,198.49,184.44,1.265,3.04,8.95,1.88,7.71,2.74,1.44,2.0,999,107457130.21,202.0,-2.85,218.4236,-10.16,6.21,81.0,True,,753,NASDAQ:COKE,https://www.tradingview.com/chart/?symbol=NASDAQ%3ACOKE
AUPH,2026-10-09,16.65,66.35,COMPRESSED,NEAR_UPPER_EDGE,NONE,10.32,3.97,40.87,46.43,False,False,37.7,False,16.78,15.47,2.429,2.73,10.15,3.42,4.45,3.51,0.83,4.87,664,13678261.79,17.16,-2.97,19.25,-13.51,-0.31,70.0,True,,753,NASDAQ:AUPH,https://www.tradingview.com/chart/?symbol=NASDAQ%3AAUPH
TEL,2026-10-09,218.29,66.13,COMPRESSED,INSIDE_COIL,NONE,19.05,21.03,40.87,37.3,False,False,13.89,False,223.52,208.61,0.982,2.58,10.58,2.99,8.18,3.95,4.06,4.63,118,376203409.1,223.52,-2.34,250.609,-12.9,6.4,81.0,True,,753,NYSE:TEL,https://www.tradingview.com/chart/?symbol=NYSE%3ATEL
J,2026-10-09,139.15,65.81,COMPRESSED,NEAR_UPPER_EDGE,NONE,38.49,33.33,36.51,27.38,False,False,2.78,True,140.71,134.23,0.553,2.55,8.25,-1.9,5.43,-2.94,1.4,1.99,999,118417499.76,145.71,-4.5,153.3,-9.23,6.05,81.0,True,,753,NYSE:J,https://www.tradingview.com/chart/?symbol=NYSE%3AJ
PFE,2026-10-09,28.28,65.38,COMPRESSED,INSIDE_COIL,NONE,9.92,22.22,28.17,25.79,False,False,57.94,False,28.95,27.12,1.045,1.93,6.47,2.02,14.46,2.4,1.3,1.51,999,929433740.64,28.95,-2.31,29.21,-3.18,13.36,88.0,True,,753,NYSE:PFE,https://www.tradingview.com/chart/?symbol=NYSE%3APFE
CTAS,2026-10-09,202.41,65.26,COMPRESSED,NEAR_UPPER_EDGE,NONE,57.54,18.65,25.0,7.54,False,True,42.46,False,201.45,191.85,0.683,1.81,6.68,0.45,-1.61,1.04,1.02,2.7,999,398277559.07,204.62,-1.08,218.6021,-7.41,6.26,81.0,True,,753,NASDAQ:CTAS,https://www.tradingview.com/chart/?symbol=NASDAQ%3ACTAS
SJM,2026-10-09,119.83,65.24,COMPRESSED,INSIDE_COIL,NONE,21.03,30.56,21.03,34.52,False,False,33.73,False,123.09,115.11,1.088,2.34,7.97,-1.08,6.13,-1.65,1.75,7.45,156,150370816.89,124.66,-3.87,135.89,-11.82,5.25,79.0,True,,753,NYSE:SJM,https://www.tradingview.com/chart/?symbol=NYSE%3ASJM
CHEF,2026-10-09,114.32,64.94,COMPRESSED,INSIDE_COIL,NONE,57.94,30.56,5.56,7.54,False,False,34.13,False,118.51,107.91,0.98,3.36,11.38,3.5,11.68,2.91,1.34,1.89,612,66565381.23,118.51,-3.54,117.65,-2.83,13.14,87.0,True,,753,NASDAQ:CHEF,https://www.tradingview.com/chart/?symbol=NASDAQ%3ACHEF
RGA,2026-10-09,255.98,64.72,COMPRESSED,NEAR_UPPER_EDGE,NONE,16.67,17.86,24.6,49.21,False,False,40.48,False,258.53,243.64,0.745,2.0,6.52,2.92,7.12,3.89,0.96,4.43,999,96198704.5,258.53,-0.99,257.81,-0.71,3.8,77.0,True,,753,NYSE:RGA,https://www.tradingview.com/chart/?symbol=NYSE%3ARGA
DFIN,2026-10-09,48.46,64.7,COMPRESSED,INSIDE_COIL,NONE,18.65,37.7,12.7,37.3,False,False,39.29,False,50.935,45.98,1.326,3.41,10.22,1.06,-2.96,0.18,1.51,2.24,999,11404780.62,50.935,-4.86,54.4,-10.92,2.91,76.0,True,,753,NYSE:DFIN,https://www.tradingview.com/chart/?symbol=NYSE%3ADFIN
KRP,2026-10-09,15.24,64.58,COMPRESSED,NEAR_UPPER_EDGE,NONE,20.24,1.59,43.65,65.08,False,True,50.4,True,15.21,14.252,0.563,1.77,7.15,2.28,6.28,3.19,1.11,5.38,999,13402482.03,15.21,0.2,15.651,-2.63,1.03,73.0,True,,753,NYSE:KRP,https://www.tradingview.com/chart/?symbol=NYSE%3AKRP
SEIC,2026-10-09,104.7,64.52,COMPRESSED,NEAR_UPPER_EDGE,NONE,16.67,52.38,3.57,15.87,False,False,57.14,False,106.12,98.45,1.008,2.18,9.17,-2.09,4.43,-1.42,1.0,3.58,999,93957503.22,108.94,-3.89,112.15,-6.64,4.68,79.0,True,,753,NASDAQ:SEIC,https://www.tradingview.com/chart/?symbol=NASDAQ%3ASEIC
MET,2026-10-09,98.33,64.27,COMPRESSED,NEAR_UPPER_EDGE,NONE,13.49,40.48,8.33,36.11,False,False,52.38,False,99.06,92.21,1.041,2.05,6.97,1.23,5.59,1.89,0.86,2.37,999,319154986.04,99.06,-0.74,100.93,-2.58,2.17,75.0,True,,753,NYSE:MET,https://www.tradingview.com/chart/?symbol=NYSE%3AMET
URBN,2026-10-09,82.18,64.21,COMPRESSED,NEAR_UPPER_EDGE,NONE,0.4,0.4,48.41,76.19,False,False,30.16,False,82.34,74.1,1.041,2.97,10.85,4.58,8.96,5.93,1.84,4.14,217,81798850.76,82.34,-0.19,85.43,-3.8,13.47,88.0,True,,753,NASDAQ:URBN,https://www.tradingview.com/chart/?symbol=NASDAQ%3AURBN
WLTH,2026-10-09,10.82,63.88,COMPRESSED,NEAR_UPPER_EDGE,NONE,29.03,29.02,25.13,55.45,False,True,41.12,True,10.96,9.67,0.449,4.33,12.29,4.24,14.44,10.3,1.49,2.38,87,34820246.4,11.08,-2.35,12.42,-12.88,14.46,88.0,True,,206,NASDAQ:WLTH,https://www.tradingview.com/chart/?symbol=NASDAQ%3AWLTH
CNXN,2026-10-09,92.81,63.81,COMPRESSED,NEAR_UPPER_EDGE,NONE,3.17,15.87,54.76,59.92,False,False,16.27,False,93.89,88.18,1.312,2.35,10.73,8.22,18.76,9.62,1.07,1.55,999,13690789.39,93.89,-1.15,88.0957,5.35,14.35,88.0,True,,753,NASDAQ:CNXN,https://www.tradingview.com/chart/?symbol=NASDAQ%3ACNXN
LTC,2026-10-09,42.46,63.81,COMPRESSED,INSIDE_COIL,NONE,32.54,50.4,5.16,23.41,False,False,33.73,False,43.55,41.38,0.835,1.93,5.11,0.9,3.29,3.18,1.17,2.64,999,29174697.69,43.55,-2.5,42.9688,-1.18,4.32,78.0,True,,753,NYSE:LTC,https://www.tradingview.com/chart/?symbol=NYSE%3ALTC
WAT,2026-10-09,433.77,63.53,COMPRESSED,INSIDE_COIL,NONE,37.3,42.86,23.81,21.43,False,False,29.76,True,454.54,421.61,0.65,2.93,12.08,6.23,14.7,4.3,1.45,3.23,109,355714875.33,454.54,-4.57,426.22,1.77,12.04,87.0,True,,753,NYSE:WAT,https://www.tradingview.com/chart/?symbol=NYSE%3AWAT
TRMB,2026-10-09,60.09,63.03,COMPRESSED,INSIDE_COIL,NONE,14.68,23.41,22.22,57.94,False,False,54.76,True,61.48,56.01,0.442,2.67,9.1,4.21,11.8,2.56,1.82,2.47,999,137459438.64,61.48,-2.26,70.8,-15.13,10.73,86.0,True,,753,NASDAQ:TRMB,https://www.tradingview.com/chart/?symbol=NASDAQ%3ATRMB
TRI,2026-10-09,103.21,63.02,COMPRESSED,NEAR_UPPER_EDGE,NONE,49.21,31.75,20.63,8.73,False,False,35.71,False,101.71,92.57,1.013,3.6,13.14,6.02,5.12,1.78,3.84,3.84,172,143826553.85,106.13,-2.75,112.77,-8.48,5.99,80.0,True,,753,NASDAQ:TRI,https://www.tradingview.com/chart/?symbol=NASDAQ%3ATRI
DGII,2026-10-09,75.63,62.92,COMPRESSED,INSIDE_COIL,NONE,29.76,29.37,49.21,19.84,False,False,16.27,False,78.64,71.84,0.983,3.57,16.5,9.56,18.45,0.73,2.14,5.68,107,29676425.93,78.64,-3.83,86.84,-12.91,10.01,85.0,True,,753,NASDAQ:DGII,https://www.tradingview.com/chart/?symbol=NASDAQ%3ADGII
VTRS,2026-10-09,17.64,62.92,COMPRESSED,INSIDE_COIL,NONE,11.11,46.03,26.19,20.24,False,False,49.21,False,18.43,16.89,1.239,2.69,11.62,6.84,2.55,4.41,1.32,2.83,406,162486510.06,18.43,-4.29,18.2531,-3.36,4.25,78.0,True,,753,NASDAQ:VTRS,https://www.tradingview.com/chart/?symbol=NASDAQ%3AVTRS
BRK-A,2026-10-09,774295.0,62.8,COMPRESSED,NEAR_UPPER_EDGE,NONE,56.75,0.79,39.29,27.78,False,True,44.44,False,769676.0,744500.0,1.119,1.02,5.3,1.08,4.85,1.67,0.49,1.08,999,167947758.0,785520.0,-1.43,806103.0,-3.95,-0.23,70.0,True,,753,NYSE:BRK.A,https://www.tradingview.com/chart/?symbol=NYSE%3ABRK.A
MSGE,2026-10-09,80.84,62.42,COMPRESSED,INSIDE_COIL,NONE,39.68,55.56,0.4,6.35,False,False,50.0,False,83.58,75.9,0.853,3.21,9.5,2.08,9.21,1.51,2.51,4.08,999,49750827.26,83.58,-3.28,90.41,-10.59,3.62,77.0,True,,753,NYSE:MSGE,https://www.tradingview.com/chart/?symbol=NYSE%3AMSGE
IEX,2026-10-09,234.29,62.28,COMPRESSED,INSIDE_COIL,NONE,1.59,16.67,51.19,59.13,False,False,46.43,True,239.7,224.9333,0.714,1.97,8.94,4.83,2.65,1.92,1.71,5.47,999,149941657.38,239.7,-2.26,243.0257,-3.59,1.94,75.0,True,,753,NYSE:IEX,https://www.tradingview.com/chart/?symbol=NYSE%3AIEX
RAL,2026-10-09,73.2,62.18,COMPRESSED,INSIDE_COIL,NONE,8.73,12.7,50.4,61.11,False,False,28.57,False,75.21,68.52,1.099,2.99,15.52,8.85,9.47,8.39,2.39,4.39,104,104393568.75,75.21,-2.67,75.3506,-2.85,5.08,79.0,True,,326,NYSE:RAL,https://www.tradingview.com/chart/?symbol=NYSE%3ARAL
XOM,2026-10-09,168.94,62.12,COMPRESSED,NEAR_UPPER_EDGE,NONE,36.51,32.54,26.19,37.3,False,False,34.92,True,169.19,159.27,0.737,2.08,8.55,1.78,16.5,4.71,1.87,3.06,999,2164670758.53,169.64,-0.41,168.64,0.18,13.48,88.0,True,,753,NYSE:XOM,https://www.tradingview.com/chart/?symbol=NYSE%3AXOM
APH,2026-10-09,87.24,61.77,COMPRESSED,INSIDE_COIL,NONE,17.86,17.46,50.79,61.9,False,False,11.51,False,89.93,82.52,0.949,3.04,15.26,4.12,14.11,6.11,3.24,6.25,176,994543479.2,89.93,-2.99,89.1218,-2.11,7.84,82.0,True,,753,NYSE:APH,https://www.tradingview.com/chart/?symbol=NYSE%3AAPH
TRV,2026-10-09,368.75,61.39,COMPRESSED,NEAR_UPPER_EDGE,NONE,39.68,18.65,53.17,19.05,False,False,23.02,False,372.13,353.79,0.815,1.76,8.19,-1.72,9.53,0.06,2.08,2.08,999,464078166.76,383.99,-3.97,397.3415,-7.2,4.16,78.0,True,,753,NYSE:TRV,https://www.tradingview.com/chart/?symbol=NYSE%3ATRV
MSGS,2026-10-09,402.3,61.35,COMPRESSED,INSIDE_COIL,NONE,24.6,42.06,14.68,18.25,False,False,64.29,False,420.06,381.38,1.189,2.71,9.61,2.61,3.84,1.02,0.95,1.5,162,125888123.08,420.06,-4.23,438.93,-8.35,0.01,71.0,True,,753,NYSE:MSGS,https://www.tradingview.com/chart/?symbol=NYSE%3AMSGS
WAB,2026-10-09,285.43,61.31,COMPRESSED,INSIDE_COIL,NONE,27.78,36.9,30.56,13.49,False,False,50.79,False,294.72,275.13,1.048,2.26,7.61,0.78,8.27,-1.33,1.81,4.77,999,234622334.64,294.72,-3.15,306.3238,-6.82,5.35,79.0,True,,753,NYSE:WAB,https://www.tradingview.com/chart/?symbol=NYSE%3AWAB
NDSN,2026-10-09,328.17,61.27,COMPRESSED,NEAR_LOWER_EDGE,NONE,10.32,16.27,67.86,60.32,False,False,18.65,True,338.18,322.21,0.729,1.87,9.8,4.36,12.2,3.13,1.67,1.96,999,122410609.4,338.18,-2.96,338.1046,-2.94,10.67,86.0,True,,753,NASDAQ:NDSN,https://www.tradingview.com/chart/?symbol=NASDAQ%3ANDSN
CVX,2026-10-09,211.98,61.13,COMPRESSED,NEAR_UPPER_EDGE,NONE,50.4,54.37,24.21,9.92,False,True,30.56,False,212.36,201.96,0.57,2.05,8.02,-0.97,16.3,4.0,2.03,3.14,999,1981748600.28,217.78,-2.66,217.4,-2.49,13.18,88.0,True,,753,NYSE:CVX,https://www.tradingview.com/chart/?symbol=NYSE%3ACVX
PM,2026-10-09,201.19,60.95,COMPRESSED,NEAR_UPPER_EDGE,NONE,15.87,21.83,33.33,47.62,False,False,64.68,True,202.7,184.11,0.758,2.24,9.24,6.21,6.89,6.75,2.16,2.64,420,854417916.81,202.7,-0.74,205.9935,-2.33,8.43,83.0,True,,753,NYSE:PM,https://www.tradingview.com/chart/?symbol=NYSE%3APM
KOF,2026-10-09,109.86,60.89,COMPRESSED,NEAR_UPPER_EDGE,NONE,22.22,26.59,35.71,34.92,False,False,46.43,False,109.8636,103.3685,0.875,2.18,8.77,0.22,8.74,0.53,1.48,1.48,999,14316556.14,113.0023,-2.78,115.9331,-5.24,3.05,76.0,True,,753,NYSE:KOF,https://www.tradingview.com/chart/?symbol=NYSE%3AKOF
DIS,2026-10-09,108.05,60.36,COMPRESSED,NEAR_UPPER_EDGE,NONE,51.59,16.27,30.95,13.1,False,False,52.78,False,107.41,101.15,0.554,1.96,7.65,1.41,8.36,2.76,0.97,3.88,358,950194455.1,109.42,-1.25,111.87,-3.41,8.37,83.0,True,,753,NYSE:DIS,https://www.tradingview.com/chart/?symbol=NYSE%3ADIS
AME,2026-10-09,248.58,60.36,COMPRESSED,NEAR_LOWER_EDGE,NONE,34.92,25.79,71.43,51.59,False,True,3.17,True,255.41,245.63,0.787,1.97,10.22,2.92,4.91,1.63,2.45,5.02,999,353215293.72,255.41,-2.67,260.78,-4.68,3.07,76.0,True,,753,NYSE:AME,https://www.tradingview.com/chart/?symbol=NYSE%3AAME
