symbol,status,grade,quality_score,market_cap_cad,market_cap_cad_bn,current_price,day_low,breakout_level,ema20_live,ema20_breakout_distance_pct,rs_vs_xiu_pct,pct_below_52w_high,breakout_age_days,undercut_vs_breakout_pct,shallow_bonus,headroom_bonus,congestion_score,congestion_status,touched_breakout_today,touched_ema20_today,above_both_now
CVE.TO,RECLAIM_PENDING,A+,10,81368087430.0,81.37,44.12,44.095,44.388,44.579,0.429,23.26,7.02,27,-0.66,1,1,0,NONE,True,True,False
ALS.TO,RECLAIM_PENDING,D,2,3883844860.0,3.88,66.11,64.51,65.942,66.157,0.326,5.37,4.95,22,-2.17,0,1,1,PRE_BREAKOUT,True,True,False
MX.TO,WATCH_CLUSTER,B,7,6557395097.0,6.56,84.81,84.45,84.297,83.558,0.877,22.12,8.21,12,0.18,2,0,1,PRE_BREAKOUT,True,False,True
MNO.TO,WATCH_CLUSTER,B,6,1062345885.0,1.06,2.17,2.17,2.01,1.995,0.749,30.34,10.7,3,7.96,2,0,0,NONE,False,False,True
EDV.TO,WATCH_CLUSTER,B,5,19597800867.0,19.6,81.38,80.24,84.253,84.534,0.334,14.39,15.11,24,-4.76,0,0,1,PRE_BREAKOUT,True,True,False
MATR.TO,WATCH_CLUSTER,C,7,1274066103.0,1.27,20.81,20.59,19.9,20.244,1.728,61.71,5.02,12,3.47,2,1,2,BOTH,False,False,True
FNV.TO,WATCH_CLUSTER,C,4,67264151518.0,67.26,348.55,347.29,366.872,362.518,1.187,11.56,9.73,23,-5.34,0,0,2,BOTH,True,True,False
TNZ.TO,WATCH_CLUSTER,C,3,2100547890.0,2.1,63.43,63.41,68.0,67.182,1.203,34.5,16.54,12,-6.75,0,0,1,PRE_BREAKOUT,True,True,False
CG.TO,WATCH_CLUSTER,C,3,6034492714.0,6.03,30.85,29.79,31.93,31.47,1.439,31.83,9.1,25,-6.7,0,0,1,PRE_BREAKOUT,True,True,False
NWC.TO,WATCH_CLUSTER,D,6,2569853058.0,2.57,54.35,53.22,52.38,51.984,0.757,6.48,2.73,12,1.6,2,1,3,BOTH,False,False,True
CYB.TO,WATCH_CLUSTER,D,6,2108824988.0,2.11,96.86,96.5,95.8,96.244,0.463,3.67,2.11,20,0.73,2,1,3,BOTH,False,False,True
SEC.TO,WATCH_CLUSTER,D,5,1063358560.0,1.06,440.0,440.0,430.0,438.353,1.943,7.76,0.0,25,2.33,2,0,3,BOTH,False,False,True
BNS.TO,WATCH_CLUSTER,D,4,160361472027.0,160.36,131.51,131.19,131.98,129.949,1.539,5.62,2.22,4,-0.6,1,1,2,PRE_BREAKOUT,True,False,False
TOT.TO,WATCH_CLUSTER,D,3,1270723994.0,1.27,34.94,34.79,35.24,34.424,2.315,61.7,7.81,10,-1.28,0,1,2,BOTH,True,False,False
CNQ.TO,WATCH_CLUSTER,D,3,138903864338.0,138.9,67.42,67.29,70.269,68.449,2.591,18.64,6.47,17,-4.24,0,1,2,BOTH,True,True,False
CJ.TO,WATCH_CLUSTER,D,3,2105476953.0,2.11,11.98,11.97,12.41,12.051,2.89,8.66,8.58,8,-3.55,0,0,3,BOTH,True,True,False
IMO.TO,WATCH_CLUSTER,D,2,83879154941.0,83.88,173.63,173.15,181.857,179.067,1.534,5.65,8.76,30,-4.79,0,0,2,PRE_BREAKOUT,True,True,False
CGG.TO,WATCH_CLUSTER,D,1,15610774056.0,15.61,39.14,38.87,44.39,43.12,2.862,79.51,20.11,24,-12.44,0,0,1,PRE_BREAKOUT,True,True,False
SCZ.TO,WATCH_CLUSTER,D,1,1185626121.0,1.19,12.77,12.2,13.2,12.814,2.926,34.67,46.57,25,-7.58,0,0,1,PRE_BREAKOUT,True,True,False
ELE.TO,WATCH_CLUSTER,D,1,2141480786.0,2.14,27.94,27.43,29.8,29.101,2.344,18.7,18.22,26,-7.95,0,0,1,PRE_BREAKOUT,True,True,False
NTR.TO,WATCH_CLUSTER,D,1,48680200668.0,48.68,102.03,101.51,108.36,105.409,2.723,16.16,11.33,16,-6.32,0,0,1,PRE_BREAKOUT,True,True,False
HSLV.TO,WATCH_CLUSTER,D,1,1483685709.0,1.48,7.29,7.08,7.8,7.61,2.433,6.5,30.57,20,-9.23,0,0,1,PRE_BREAKOUT,True,True,False
PSK.TO,WATCH_CLUSTER,D,1,7772893601.0,7.77,33.42,33.28,35.99,35.069,2.558,2.13,10.39,25,-7.53,0,0,1,PRE_BREAKOUT,True,True,False
FF.TO,WATCH_CLUSTER,D,0,1177221694.0,1.18,0.79,0.775,0.88,0.857,2.578,13.39,19.39,26,-11.93,0,0,0,NONE,True,True,False
POU.TO,WATCH_CLUSTER,D,0,4323016878.0,4.32,29.64,29.54,31.91,31.078,2.607,7.49,11.23,28,-7.43,0,0,0,NONE,True,True,False
