symbol,status,grade,quality_score,market_cap_cad,market_cap_cad_bn,current_price,day_low,breakout_level,ema20_live,ema20_breakout_distance_pct,rs_vs_xiu_pct,pct_below_52w_high,breakout_age_days,undercut_vs_breakout_pct,shallow_bonus,headroom_bonus,congestion_score,congestion_status,touched_breakout_today,touched_ema20_today,above_both_now,entry_marker,double_reclaim,reclaim_breakout,reclaim_breakout_only,candle_pattern,candle_side,high_conviction_score,high_conviction_entry,high_conviction_reasons
CVE.TO,READY_NOW,A+,11,82991025000.0,82.99,45.01,44.01,44.388,44.545,0.353,27.79,5.14,30,-0.85,1,1,1,FORMING_NOW,True,True,True,False,True,True,False,UNKNOWN,NEUTRAL,10,False,DOUBLE_RECLAIM|RECLAIM_BREAKOUT|RS20+|GRADE_A+
CYB.TO,RECLAIM_PENDING,D,3,2080086104.0,2.08,95.54,94.74,95.8,96.038,0.248,4.11,3.45,23,-1.11,0,1,2,BOTH,True,True,False,False,False,False,False,UNKNOWN,NEUTRAL,1,False,
MX.TO,WATCH_CLUSTER,B,5,6435933228.0,6.44,83.31,81.1,84.297,83.585,0.844,28.08,9.84,15,-3.79,0,0,1,PRE_BREAKOUT,True,True,False,False,False,False,False,UNKNOWN,NEUTRAL,3,False,RS20+|GRADE_B
CG.TO,WATCH_CLUSTER,C,3,5987546949.0,5.99,30.63,30.4,31.93,31.335,1.863,29.19,9.75,28,-4.79,0,0,1,PRE_BREAKOUT,True,True,False,False,False,False,False,UNKNOWN,NEUTRAL,2,False,RS20+
NWC.TO,WATCH_CLUSTER,D,6,2567487618.0,2.57,54.32,53.925,51.975,52.347,0.715,9.04,2.02,15,3.75,2,1,3,BOTH,False,False,True,False,False,False,False,UNKNOWN,NEUTRAL,1,False,
SEC.TO,WATCH_CLUSTER,D,5,1063358560.0,1.06,440.0,440.0,430.0,438.78,2.042,8.43,0.0,28,2.33,2,0,3,BOTH,False,False,True,False,False,False,False,UNKNOWN,NEUTRAL,1,False,
CAS.TO,WATCH_CLUSTER,D,4,1848888304.0,1.85,18.2,17.91,17.87,17.475,2.21,52.55,3.5,3,0.22,2,1,1,PRE_BREAKOUT,True,False,True,False,False,True,True,UNKNOWN,NEUTRAL,5,False,RECLAIM_BREAKOUT|RS20+
BNS.TO,WATCH_CLUSTER,D,4,157253451807.0,157.25,129.04,126.73,131.98,129.925,1.557,5.95,4.06,7,-3.98,0,1,3,BOTH,True,True,False,False,False,False,False,UNKNOWN,NEUTRAL,1,False,
NPI.TO,WATCH_CLUSTER,D,4,5917791036.0,5.92,22.63,22.44,22.289,21.84,2.013,3.98,9.89,1,0.68,2,0,2,PRE_BREAKOUT,False,False,True,False,False,False,False,UNKNOWN,NEUTRAL,0,False,
MNO.TO,WATCH_CLUSTER,D,3,1135443006.0,1.14,2.34,2.26,2.01,2.068,2.891,36.07,3.7,6,12.44,2,1,0,NONE,False,False,True,False,False,False,False,UNKNOWN,NEUTRAL,3,False,RS20+
ALS.TO,WATCH_CLUSTER,D,2,3789847798.0,3.79,64.49,63.57,65.942,65.866,0.116,-0.97,7.28,25,-3.6,0,1,1,PRE_BREAKOUT,True,True,False,False,False,False,False,UNKNOWN,NEUTRAL,0,False,
TOT.TO,WATCH_CLUSTER,D,1,1243423994.0,1.24,34.22,33.39,35.119,34.275,2.402,55.58,9.4,13,-4.92,0,0,1,PRE_BREAKOUT,True,True,False,False,False,False,False,UNKNOWN,NEUTRAL,2,False,RS20+
TNZ.TO,WATCH_CLUSTER,D,1,2107833451.0,2.11,63.72,62.6,68.0,66.267,2.548,35.9,16.16,15,-7.94,0,0,1,PRE_BREAKOUT,True,True,False,False,False,False,False,UNKNOWN,NEUTRAL,2,False,RS20+
FNV.TO,WATCH_CLUSTER,D,1,64728102476.0,64.73,335.45,335.07,366.872,357.101,2.663,7.33,13.12,26,-8.67,0,0,1,PRE_BREAKOUT,True,True,False,False,False,False,False,UNKNOWN,NEUTRAL,0,False,
EDV.TO,WATCH_CLUSTER,D,1,18959084175.0,18.96,78.7,78.63,84.253,83.333,1.092,5.87,17.91,27,-6.67,0,0,1,PRE_BREAKOUT,True,True,False,False,False,False,False,UNKNOWN,NEUTRAL,0,False,
HSLV.TO,WATCH_CLUSTER,D,1,1516249425.0,1.52,7.47,7.41,7.8,7.58,2.821,4.08,28.86,23,-5.0,0,0,1,PRE_BREAKOUT,True,True,False,False,False,False,False,UNKNOWN,NEUTRAL,0,False,
