symbol,group,date,gap_pct,max_score_10d,earliest_score4,earliest_score5
ACA,GAP,2023-04-28,6.371986428115761,4,6.0,
ACA,GAP,2024-02-23,7.832946364963611,6,10.0,10.0
ACA,GAP,2024-08-07,4.993570622313137,6,10.0,10.0
ACA,GAP,2024-11-06,6.639628565784017,5,10.0,9.0
ACA,GAP,2025-05-12,4.793089135794393,2,,
ACA,CONTROL,2023-01-03,0.0,1,,
ACA,CONTROL,2023-02-01,0.0,3,,
ACA,CONTROL,2023-03-02,0.0,5,10.0,10.0
ACA,CONTROL,2023-03-30,0.0,6,9.0,3.0
ACA,CONTROL,2023-04-28,0.0,4,7.0,
ACA,CONTROL,2023-05-26,0.0,6,10.0,10.0
ACA,CONTROL,2023-06-27,0.0,6,10.0,10.0
ACA,CONTROL,2023-07-26,0.0,6,10.0,10.0
ACA,CONTROL,2023-08-23,0.0,5,10.0,10.0
ACA,CONTROL,2023-09-21,0.0,3,,
ACA,CONTROL,2023-10-19,0.0,1,,
ACA,CONTROL,2023-11-16,0.0,3,,
ACA,CONTROL,2023-12-15,0.0,6,10.0,10.0
ACA,CONTROL,2024-01-17,0.0,4,10.0,
ACA,CONTROL,2024-03-14,0.0,6,9.0,9.0
AMCR,GAP,2024-05-01,6.935117516491052,2,,
AMCR,CONTROL,2023-01-03,0.0,4,10.0,
AMCR,CONTROL,2023-02-01,0.0,4,1.0,
AMCR,CONTROL,2023-03-02,0.0,1,,
AMCR,CONTROL,2023-03-30,0.0,1,,
AMCR,CONTROL,2023-04-28,0.0,2,,
AMCR,CONTROL,2023-05-26,0.0,1,,
AMCR,CONTROL,2023-06-27,0.0,1,,
AMCR,CONTROL,2023-07-26,0.0,2,,
AMCR,CONTROL,2023-08-23,0.0,2,,
AMCR,CONTROL,2023-09-21,0.0,1,,
AMCR,CONTROL,2023-10-19,0.0,1,,
AMCR,CONTROL,2023-11-16,0.0,4,2.0,
APGE,GAP,2024-03-05,43.53137862550449,5,8.0,2.0
APGE,GAP,2024-05-10,6.009071079374828,3,,
APGE,GAP,2024-06-12,6.3874154008539685,1,,
APGE,GAP,2024-11-25,4.716979475945204,5,10.0,10.0
APGE,GAP,2025-04-23,4.33803074796435,1,,
APGE,GAP,2025-05-12,5.8997069158649,4,6.0,
APGE,CONTROL,2023-10-09,0.0,1,,
APGE,CONTROL,2023-11-06,0.0,1,,
APGE,CONTROL,2023-12-05,0.0,3,,
APGE,CONTROL,2024-01-04,0.0,6,10.0,10.0
APGE,CONTROL,2024-02-02,0.0,6,10.0,10.0
APGE,CONTROL,2024-04-02,0.0,5,10.0,10.0
APGE,CONTROL,2024-06-27,0.0,1,,
APGE,CONTROL,2024-07-26,0.0,5,4.0,4.0
APGE,CONTROL,2024-08-23,0.0,4,3.0,
APGE,CONTROL,2024-09-23,0.0,6,10.0,10.0
APGE,CONTROL,2024-10-21,0.0,5,10.0,10.0
APGE,CONTROL,2024-12-17,0.0,1,,
APGE,CONTROL,2025-01-17,0.0,1,,
APGE,CONTROL,2025-02-18,0.0,1,,
APGE,CONTROL,2025-03-18,0.0,1,,
APGE,CONTROL,2025-05-14,0.0,6,9.0,3.0
APGE,CONTROL,2025-06-12,0.0,5,5.0,2.0
APGE,CONTROL,2025-07-14,0.0,6,10.0,10.0
APGE,CONTROL,2025-08-11,0.0,2,,
ATAI,GAP,2023-01-17,5.555557027275215,1,,
ATAI,GAP,2023-03-29,5.112778706604337,1,,
ATAI,GAP,2023-03-31,8.124999580904845,1,,
ATAI,GAP,2023-04-03,5.2486205311333745,1,,
ATAI,GAP,2023-04-11,4.14200774394804,2,,
ATAI,GAP,2023-04-12,5.955059972319332,2,,
ATAI,GAP,2023-07-12,4.205603259694302,5,2.0,2.0
ATAI,GAP,2023-10-03,6.45161631452178,1,,
ATAI,GAP,2023-11-14,4.347832396711104,1,,
ATAI,GAP,2024-01-04,6.666668256123853,6,5.0,5.0
ATAI,GAP,2024-03-07,5.025120811725392,6,4.0,4.0
ATAI,GAP,2024-03-27,4.046238871158336,2,,
ATAI,GAP,2024-04-03,4.278077150339543,3,,
ATAI,GAP,2024-05-15,4.7120437147337935,3,,
ATAI,GAP,2024-05-20,8.187133483727592,3,,
ATAI,GAP,2024-05-28,4.347821901915339,2,,
ATAI,GAP,2024-06-28,6.060600039935116,1,,
ATAI,GAP,2024-08-06,5.185180148633672,2,,
ATAI,GAP,2024-11-06,4.6296250305059905,1,,
ATAI,GAP,2024-11-15,9.489050713806947,5,4.0,4.0
ATAI,GAP,2025-01-06,4.51977648460018,3,,
ATAI,GAP,2025-01-15,5.26315270557125,4,6.0,
ATAI,GAP,2025-02-10,4.5871514481795606,5,7.0,4.0
ATAI,GAP,2025-03-12,4.225356605785691,3,,
ATAI,GAP,2025-03-25,5.732478417994069,1,,
ATAI,GAP,2025-04-08,7.08661690789496,1,,
ATAI,GAP,2025-05-12,4.316551266641588,2,,
ATAI,GAP,2025-06-02,8.658010936704308,6,9.0,8.0
ATAI,GAP,2025-07-01,20.54794684594001,5,10.0,8.0
ATAI,GAP,2025-07-02,9.225092121066659,5,10.0,9.0
ATAI,GAP,2025-07-07,4.693144957980655,5,10.0,10.0
ATAI,GAP,2025-07-21,11.455104748427058,6,10.0,4.0
ATAI,GAP,2025-07-29,7.2072076587209155,6,10.0,10.0
ATAI,GAP,2025-07-31,6.628242569946141,6,10.0,10.0
ATAI,CONTROL,2023-02-01,0.0,1,,
ATAI,CONTROL,2023-03-02,0.0,1,,
ATAI,CONTROL,2023-04-28,0.0,6,9.0,8.0
ATAI,CONTROL,2023-05-26,0.0,4,10.0,
ATAI,CONTROL,2023-07-26,0.0,6,9.0,8.0
ATAI,CONTROL,2023-08-23,0.0,2,,
ATAI,CONTROL,2023-10-19,0.0,0,,
ATAI,CONTROL,2023-11-16,0.0,1,,
ATAI,CONTROL,2023-12-15,0.0,2,,
ATAI,CONTROL,2024-01-17,0.0,6,10.0,9.0
ATAI,CONTROL,2024-02-14,0.0,4,10.0,
ATAI,CONTROL,2024-04-12,0.0,4,8.0,
ATAI,CONTROL,2024-06-10,0.0,1,,
ATAI,CONTROL,2024-07-10,0.0,1,,
ATAI,CONTROL,2024-08-07,0.0,2,,
ATAI,CONTROL,2024-09-05,0.0,1,,
ATAI,CONTROL,2024-10-03,0.0,0,,
ATAI,CONTROL,2024-11-29,0.0,5,10.0,10.0
ATAI,CONTROL,2025-08-21,0.0,6,10.0,10.0
BBVA,GAP,2023-03-21,6.051423233375308,6,10.0,10.0
BBVA,GAP,2023-06-14,4.1018336227173435,3,,
BBVA,GAP,2024-01-30,4.067796964864034,3,,
BBVA,GAP,2024-11-07,4.455962607146002,2,,
BBVA,GAP,2024-12-05,4.329900660626418,1,,
BBVA,GAP,2025-03-05,4.55582086479791,6,10.0,10.0
BBVA,GAP,2025-04-08,4.358752402042931,6,10.0,10.0
BBVA,GAP,2025-07-31,7.915070186325446,5,6.0,5.0
BBVA,CONTROL,2023-01-03,0.0,5,10.0,10.0
BBVA,CONTROL,2023-02-01,0.0,6,10.0,10.0
BBVA,CONTROL,2023-03-02,0.0,6,10.0,10.0
BBVA,CONTROL,2023-03-30,0.0,3,,
BBVA,CONTROL,2023-04-28,0.0,6,10.0,10.0
BBVA,CONTROL,2023-05-26,0.0,4,5.0,
BBVA,CONTROL,2023-06-27,0.0,6,9.0,9.0
BBVA,CONTROL,2023-07-26,0.0,6,10.0,10.0
BBVA,CONTROL,2023-08-23,0.0,4,10.0,
BBVA,CONTROL,2023-09-21,0.0,5,3.0,3.0
BBVA,CONTROL,2023-10-19,0.0,6,10.0,10.0
BBVA,CONTROL,2023-11-16,0.0,6,10.0,7.0
BBVA,CONTROL,2023-12-15,0.0,6,10.0,10.0
BBVA,CONTROL,2024-02-14,0.0,6,10.0,9.0
BBVA,CONTROL,2024-03-14,0.0,6,10.0,10.0
BBVA,CONTROL,2024-04-12,0.0,6,10.0,10.0
BBVA,CONTROL,2024-05-10,0.0,5,10.0,10.0
BBVA,CONTROL,2024-06-10,0.0,4,10.0,
BBVA,CONTROL,2024-07-10,0.0,1,,
BBVA,CONTROL,2024-08-07,0.0,6,10.0,10.0
BBVA,CONTROL,2024-09-05,0.0,6,7.0,5.0
BBVA,CONTROL,2024-10-03,0.0,6,10.0,10.0
BBVA,CONTROL,2024-12-30,0.0,5,10.0,10.0
BBVA,CONTROL,2025-01-30,0.0,6,10.0,10.0
CRNX,GAP,2023-03-30,4.7678870926160855,1,,
CRNX,GAP,2023-04-24,5.994395921330042,1,,
CRNX,GAP,2023-09-11,57.056983801092564,1,,
CRNX,GAP,2023-11-14,4.490800988610877,6,10.0,10.0
CRNX,GAP,2023-12-19,8.481202089696893,6,10.0,10.0
CRNX,GAP,2024-02-28,15.270571086650463,4,7.0,
CRNX,GAP,2024-02-29,5.449022269678938,4,8.0,
CRNX,GAP,2024-03-06,4.821802189865476,5,7.0,3.0
CRNX,GAP,2024-03-08,4.282352223115815,5,9.0,5.0
CRNX,GAP,2024-03-19,8.278405917175702,4,10.0,
CRNX,GAP,2024-05-08,5.119594281411799,5,5.0,1.0
CRNX,GAP,2024-05-22,6.060606060606055,6,10.0,10.0
CRNX,GAP,2025-05-12,4.041720204640842,2,,
CRNX,CONTROL,2023-01-03,0.0,1,,
CRNX,CONTROL,2023-02-01,0.0,5,10.0,10.0
CRNX,CONTROL,2023-03-02,0.0,6,10.0,10.0
CRNX,CONTROL,2023-03-30,0.0,1,,
CRNX,CONTROL,2023-04-28,0.0,4,1.0,
CRNX,CONTROL,2023-05-26,0.0,5,10.0,10.0
CRNX,CONTROL,2023-06-27,0.0,1,,
CRNX,CONTROL,2023-07-26,0.0,2,,
CRNX,CONTROL,2023-08-23,0.0,1,,
CRNX,CONTROL,2023-09-21,0.0,5,8.0,8.0
CRNX,CONTROL,2023-10-19,0.0,4,5.0,
CRNX,CONTROL,2023-11-16,0.0,6,10.0,10.0
CRNX,CONTROL,2024-01-17,0.0,5,10.0,10.0
CRNX,CONTROL,2024-04-12,0.0,6,10.0,10.0
CRNX,CONTROL,2024-06-10,0.0,3,,
CRNX,CONTROL,2024-07-10,0.0,3,,
CRNX,CONTROL,2024-08-07,0.0,6,10.0,10.0
CRNX,CONTROL,2024-09-05,0.0,6,10.0,10.0
CRNX,CONTROL,2024-10-03,0.0,4,10.0,
CRNX,CONTROL,2024-10-31,0.0,6,10.0,10.0
CRNX,CONTROL,2024-11-29,0.0,3,,
CRNX,CONTROL,2024-12-30,0.0,1,,
CRNX,CONTROL,2025-01-30,0.0,1,,
CRNX,CONTROL,2025-02-28,0.0,1,,
CRNX,CONTROL,2025-03-28,0.0,1,,
CRNX,CONTROL,2025-05-27,0.0,2,,
CRNX,CONTROL,2025-06-25,0.0,2,,
CRNX,CONTROL,2025-07-24,0.0,3,,
CRNX,CONTROL,2025-08-21,0.0,1,,
DGX,GAP,2025-04-22,4.411227456833511,3,,
DGX,CONTROL,2023-01-03,0.0,5,10.0,10.0
DGX,CONTROL,2023-02-01,0.0,4,2.0,
DGX,CONTROL,2023-03-02,0.0,2,,
DGX,CONTROL,2023-03-30,0.0,1,,
DGX,CONTROL,2023-04-28,0.0,6,10.0,10.0
DGX,CONTROL,2023-05-26,0.0,1,,
DGX,CONTROL,2023-06-27,0.0,6,3.0,2.0
DGX,CONTROL,2023-07-26,0.0,6,10.0,10.0
DGX,CONTROL,2023-08-23,0.0,2,,
DGX,CONTROL,2023-09-21,0.0,1,,
DGX,CONTROL,2023-10-19,0.0,1,,
DGX,CONTROL,2023-11-16,0.0,6,10.0,10.0
DSGR,GAP,2023-03-21,4.810915353661316,5,10.0,9.0
DSGR,GAP,2023-06-07,5.724371848116561,6,10.0,10.0
DSGR,GAP,2024-11-06,6.803300076804297,6,10.0,9.0
DSGR,GAP,2025-03-06,7.639642663904134,1,,
DSGR,GAP,2025-05-12,5.804244096625877,1,,
DSGR,CONTROL,2023-01-03,0.0,3,,
DSGR,CONTROL,2023-02-01,0.0,6,10.0,10.0
DSGR,CONTROL,2023-03-02,0.0,6,10.0,10.0
DSGR,CONTROL,2023-03-30,0.0,2,,
DSGR,CONTROL,2023-04-28,0.0,5,6.0,6.0
DSGR,CONTROL,2023-06-27,0.0,6,10.0,10.0
DSGR,CONTROL,2023-07-26,0.0,6,10.0,10.0
DSGR,CONTROL,2023-08-23,0.0,2,,
DSGR,CONTROL,2023-09-21,0.0,3,,
DSGR,CONTROL,2023-10-19,0.0,5,10.0,10.0
DSGR,CONTROL,2023-11-16,0.0,1,,
DSGR,CONTROL,2023-12-15,0.0,4,1.0,
DSGR,CONTROL,2024-01-17,0.0,5,10.0,10.0
DSGR,CONTROL,2024-02-14,0.0,6,10.0,10.0
DSGR,CONTROL,2024-03-14,0.0,3,,
EXPD,GAP,2025-02-18,4.76903223953673,2,,
EXPD,CONTROL,2023-01-03,0.0,2,,
EXPD,CONTROL,2023-02-01,0.0,4,7.0,
EXPD,CONTROL,2023-03-02,0.0,5,10.0,10.0
EXPD,CONTROL,2023-03-30,0.0,1,,
EXPD,CONTROL,2023-04-28,0.0,5,10.0,5.0
EXPD,CONTROL,2023-05-26,0.0,6,10.0,8.0
EXPD,CONTROL,2023-06-27,0.0,6,10.0,10.0
EXPD,CONTROL,2023-07-26,0.0,6,10.0,10.0
EXPD,CONTROL,2023-08-23,0.0,2,,
EXPD,CONTROL,2023-09-21,0.0,1,,
EXPD,CONTROL,2023-10-19,0.0,2,,
EXPD,CONTROL,2023-11-16,0.0,3,,
IDT,GAP,2024-11-06,4.0468629947214785,5,10.0,10.0
IDT,GAP,2024-12-05,4.78449132979617,6,10.0,10.0
IDT,CONTROL,2023-01-03,0.0,5,10.0,10.0
IDT,CONTROL,2023-02-01,0.0,5,10.0,7.0
IDT,CONTROL,2023-03-02,0.0,6,10.0,10.0
IDT,CONTROL,2023-03-30,0.0,6,10.0,10.0
IDT,CONTROL,2023-04-28,0.0,5,3.0,2.0
IDT,CONTROL,2023-05-26,0.0,4,7.0,
IDT,CONTROL,2023-06-27,0.0,1,,
IDT,CONTROL,2023-07-26,0.0,1,,
IDT,CONTROL,2023-08-23,0.0,0,,
IDT,CONTROL,2023-09-21,0.0,1,,
IDT,CONTROL,2023-10-19,0.0,6,10.0,10.0
IDT,CONTROL,2023-11-16,0.0,6,10.0,10.0
IOSP,GAP,2023-05-04,7.437015459659224,2,,
IOSP,GAP,2024-11-06,8.809499634198325,2,,
IOSP,GAP,2025-05-12,4.806101415498376,1,,
IOSP,CONTROL,2023-01-03,0.0,3,,
IOSP,CONTROL,2023-02-01,0.0,6,10.0,10.0
IOSP,CONTROL,2023-03-02,0.0,5,10.0,10.0
IOSP,CONTROL,2023-03-30,0.0,1,,
IOSP,CONTROL,2023-05-26,0.0,1,,
IOSP,CONTROL,2023-06-27,0.0,3,,
IOSP,CONTROL,2023-07-26,0.0,5,9.0,6.0
IOSP,CONTROL,2023-08-23,0.0,6,10.0,10.0
IOSP,CONTROL,2023-09-21,0.0,4,8.0,
IOSP,CONTROL,2023-10-19,0.0,2,,
IOSP,CONTROL,2023-11-16,0.0,5,2.0,2.0
IOSP,CONTROL,2023-12-15,0.0,6,10.0,10.0
KFY,GAP,2023-03-08,5.533369603173233,6,10.0,10.0
KFY,GAP,2024-03-06,8.78865957073609,5,10.0,10.0
KFY,GAP,2024-06-13,4.084523487004743,6,10.0,10.0
KFY,GAP,2024-11-06,5.34506403077879,4,2.0,
KFY,GAP,2025-03-11,9.884828162720494,1,,
KFY,GAP,2025-06-18,14.889152134075335,6,10.0,10.0
KFY,CONTROL,2023-01-03,0.0,1,,
KFY,CONTROL,2023-02-01,0.0,6,6.0,6.0
KFY,CONTROL,2023-03-30,0.0,1,,
KFY,CONTROL,2023-04-28,0.0,0,,
KFY,CONTROL,2023-05-26,0.0,1,,
KFY,CONTROL,2023-06-27,0.0,6,10.0,10.0
KFY,CONTROL,2023-07-26,0.0,6,10.0,9.0
KFY,CONTROL,2023-08-23,0.0,5,10.0,10.0
KFY,CONTROL,2023-09-21,0.0,1,,
KFY,CONTROL,2023-10-19,0.0,2,,
KFY,CONTROL,2023-11-16,0.0,4,1.0,
KFY,CONTROL,2023-12-15,0.0,6,10.0,10.0
KFY,CONTROL,2024-01-17,0.0,4,10.0,
KFY,CONTROL,2024-02-14,0.0,6,10.0,10.0
KFY,CONTROL,2024-03-14,0.0,5,10.0,10.0
KFY,CONTROL,2024-04-12,0.0,5,10.0,10.0
KFY,CONTROL,2024-05-10,0.0,4,6.0,
KFY,CONTROL,2024-07-10,0.0,6,10.0,8.0
KO,GAP,2025-02-11,4.570111612424821,4,2.0,
KO,CONTROL,2023-01-03,0.0,6,10.0,10.0
KO,CONTROL,2023-02-01,0.0,2,,
KO,CONTROL,2023-03-02,0.0,2,,
KO,CONTROL,2023-03-30,0.0,6,4.0,3.0
KO,CONTROL,2023-04-28,0.0,6,10.0,10.0
KO,CONTROL,2023-05-26,0.0,5,10.0,10.0
KO,CONTROL,2023-06-27,0.0,2,,
KO,CONTROL,2023-07-26,0.0,6,3.0,2.0
KO,CONTROL,2023-08-23,0.0,4,10.0,
KO,CONTROL,2023-09-21,0.0,2,,
KO,CONTROL,2023-10-19,0.0,1,,
KO,CONTROL,2023-11-16,0.0,3,,
LNG,GAP,2025-04-08,5.959454198437064,5,7.0,4.0
LNG,CONTROL,2023-01-03,0.0,1,,
LNG,CONTROL,2023-02-01,0.0,1,,
LNG,CONTROL,2023-03-02,0.0,4,1.0,
LNG,CONTROL,2023-03-30,0.0,2,,
LNG,CONTROL,2023-04-28,0.0,2,,
LNG,CONTROL,2023-05-26,0.0,1,,
LNG,CONTROL,2023-06-27,0.0,3,,
LNG,CONTROL,2023-07-26,0.0,6,10.0,10.0
LNG,CONTROL,2023-08-23,0.0,6,10.0,10.0
LNG,CONTROL,2023-09-21,0.0,4,8.0,
LNG,CONTROL,2023-10-19,0.0,5,10.0,8.0
LNG,CONTROL,2023-11-16,0.0,5,10.0,3.0
MA,CONTROL,2023-01-03,0.0,4,3.0,
MA,CONTROL,2023-02-01,0.0,6,10.0,10.0
MA,CONTROL,2023-03-02,0.0,3,,
MA,CONTROL,2023-03-30,0.0,2,,
MA,CONTROL,2023-04-28,0.0,6,10.0,10.0
MA,CONTROL,2023-05-26,0.0,6,10.0,10.0
MA,CONTROL,2023-06-27,0.0,5,9.0,9.0
MA,CONTROL,2023-07-26,0.0,6,10.0,10.0
MA,CONTROL,2023-08-23,0.0,5,10.0,2.0
MA,CONTROL,2023-09-21,0.0,6,10.0,10.0
MA,CONTROL,2023-10-19,0.0,5,10.0,8.0
MA,CONTROL,2023-11-16,0.0,4,1.0,
PAYO,GAP,2023-03-01,9.655171109720051,3,,
PAYO,GAP,2023-08-08,5.5226769919307195,5,10.0,10.0
PAYO,GAP,2024-05-08,9.578544446294757,5,3.0,2.0
PAYO,GAP,2024-08-07,12.380954197474892,4,6.0,
PAYO,GAP,2024-11-05,9.330975116265439,6,10.0,10.0
PAYO,GAP,2025-04-08,4.045307555731892,1,,
PAYO,GAP,2025-05-12,8.52187100253321,2,,
PAYO,GAP,2025-08-06,12.000003227820756,1,,
PAYO,CONTROL,2023-01-03,0.0,1,,
PAYO,CONTROL,2023-02-01,0.0,4,1.0,
PAYO,CONTROL,2023-03-02,0.0,5,2.0,1.0
PAYO,CONTROL,2023-03-30,0.0,3,,
PAYO,CONTROL,2023-04-28,0.0,1,,
PAYO,CONTROL,2023-05-26,0.0,1,,
PAYO,CONTROL,2023-06-27,0.0,2,,
PAYO,CONTROL,2023-08-23,0.0,6,10.0,10.0
PAYO,CONTROL,2023-09-21,0.0,6,10.0,10.0
PAYO,CONTROL,2023-10-19,0.0,5,10.0,10.0
PAYO,CONTROL,2023-11-16,0.0,1,,
PAYO,CONTROL,2023-12-15,0.0,1,,
PAYO,CONTROL,2024-01-17,0.0,1,,
PAYO,CONTROL,2024-02-14,0.0,3,,
PAYO,CONTROL,2024-03-14,0.0,2,,
PAYO,CONTROL,2024-04-12,0.0,2,,
PAYO,CONTROL,2024-05-10,0.0,5,6.0,5.0
PAYO,CONTROL,2024-06-10,0.0,6,10.0,10.0
PAYO,CONTROL,2024-07-10,0.0,3,,
PAYO,CONTROL,2024-08-07,0.0,5,7.0,1.0
PAYO,CONTROL,2024-09-05,0.0,6,10.0,10.0
PAYO,CONTROL,2024-10-03,0.0,6,10.0,10.0
PAYO,CONTROL,2024-11-29,0.0,6,10.0,10.0
PAYO,CONTROL,2024-12-30,0.0,3,,
PHVS,GAP,2023-01-09,8.786612615012523,6,10.0,7.0
PHVS,GAP,2023-02-07,5.6094873615011975,3,,
PHVS,GAP,2023-03-10,7.391906936284709,3,,
PHVS,GAP,2023-03-24,4.726738147162934,1,,
PHVS,GAP,2023-04-21,5.604712760060515,4,3.0,
PHVS,GAP,2023-05-04,4.96614617502853,6,10.0,9.0
PHVS,GAP,2023-05-16,10.617279212043695,6,10.0,10.0
PHVS,GAP,2023-06-01,5.232555689587448,4,3.0,
PHVS,GAP,2023-08-15,14.006514185775965,6,10.0,9.0
PHVS,GAP,2023-08-16,5.850000381469722,6,10.0,10.0
PHVS,GAP,2023-10-31,4.009435978085274,3,,
PHVS,GAP,2023-12-06,28.257755898350247,3,,
PHVS,GAP,2023-12-07,5.373737065479012,4,1.0,
PHVS,GAP,2023-12-11,4.956727872148514,4,3.0,
PHVS,GAP,2024-01-22,12.678633083167101,5,9.0,2.0
PHVS,GAP,2024-04-11,7.498877602006315,1,,
PHVS,GAP,2025-04-08,5.223312478355524,1,,
PHVS,GAP,2025-04-22,4.62069018133755,1,,
PHVS,GAP,2025-04-29,4.865181416699449,2,,
PHVS,GAP,2025-06-11,7.008821697542311,5,6.0,2.0
PHVS,GAP,2025-07-03,4.32099029713966,5,9.0,5.0
PHVS,CONTROL,2023-03-30,0.0,1,,
PHVS,CONTROL,2023-06-27,0.0,6,10.0,9.0
PHVS,CONTROL,2023-07-26,0.0,5,10.0,10.0
PHVS,CONTROL,2023-08-23,0.0,6,10.0,10.0
PHVS,CONTROL,2023-09-21,0.0,5,10.0,10.0
PHVS,CONTROL,2023-11-16,0.0,1,,
PHVS,CONTROL,2023-12-15,0.0,5,8.0,1.0
PHVS,CONTROL,2024-02-14,0.0,6,10.0,10.0
PHVS,CONTROL,2024-03-14,0.0,2,,
PHVS,CONTROL,2024-04-12,0.0,1,,
PHVS,CONTROL,2024-05-10,0.0,2,,
PHVS,CONTROL,2024-06-10,0.0,1,,
PHVS,CONTROL,2024-07-10,0.0,1,,
PHVS,CONTROL,2024-08-07,0.0,1,,
PHVS,CONTROL,2024-09-05,0.0,3,,
PHVS,CONTROL,2024-10-03,0.0,3,,
PHVS,CONTROL,2024-10-31,0.0,6,10.0,10.0
PHVS,CONTROL,2024-11-29,0.0,3,,
PHVS,CONTROL,2024-12-30,0.0,1,,
PHVS,CONTROL,2025-01-30,0.0,0,,
PHVS,CONTROL,2025-02-28,0.0,1,,
PHVS,CONTROL,2025-05-27,0.0,5,5.0,5.0
PHVS,CONTROL,2025-07-24,0.0,5,10.0,10.0
PHVS,CONTROL,2025-08-21,0.0,4,3.0,
ROKU,GAP,2023-01-26,6.001912103233087,2,,
ROKU,GAP,2023-02-02,4.3463790899447075,6,2.0,2.0
ROKU,GAP,2023-02-16,8.867539642898926,6,10.0,10.0
ROKU,GAP,2023-03-27,4.26666895548502,3,,
ROKU,GAP,2023-07-28,9.955995882655678,5,10.0,9.0
ROKU,GAP,2023-09-06,10.939920775670565,3,,
ROKU,GAP,2023-11-02,18.693466842198127,1,,
ROKU,GAP,2023-11-14,4.322969156421763,4,3.0,
ROKU,GAP,2024-08-23,4.174078561778316,3,,
ROKU,GAP,2024-09-05,5.192760466842117,6,8.0,8.0
ROKU,GAP,2024-09-12,6.414825234665056,6,10.0,10.0
ROKU,GAP,2024-12-04,5.918873805040703,3,,
ROKU,GAP,2025-01-07,5.368530959243323,5,10.0,10.0
ROKU,GAP,2025-02-14,16.117508492974885,6,10.0,10.0
ROKU,GAP,2025-04-08,7.649219062107981,0,,
ROKU,GAP,2025-04-23,4.963698547072415,1,,
ROKU,GAP,2025-05-12,7.5004097684798765,1,,
ROKU,GAP,2025-06-16,9.286380449721054,6,10.0,6.0
ROKU,CONTROL,2023-01-03,0.0,1,,
ROKU,CONTROL,2023-03-02,0.0,4,10.0,
ROKU,CONTROL,2023-03-30,0.0,3,,
ROKU,CONTROL,2023-04-28,0.0,2,,
ROKU,CONTROL,2023-05-26,0.0,1,,
ROKU,CONTROL,2023-06-27,0.0,6,10.0,10.0
ROKU,CONTROL,2023-09-21,0.0,3,,
ROKU,CONTROL,2023-11-16,0.0,6,6.0,2.0
ROKU,CONTROL,2023-12-15,0.0,6,10.0,10.0
ROKU,CONTROL,2024-01-17,0.0,3,,
ROKU,CONTROL,2024-02-14,0.0,5,6.0,3.0
ROKU,CONTROL,2024-03-14,0.0,1,,
ROKU,CONTROL,2024-04-12,0.0,1,,
ROKU,CONTROL,2024-05-10,0.0,1,,
ROKU,CONTROL,2024-06-10,0.0,1,,
ROKU,CONTROL,2024-07-10,0.0,3,,
ROKU,CONTROL,2024-08-07,0.0,2,,
ROKU,CONTROL,2024-10-03,0.0,6,10.0,10.0
ROKU,CONTROL,2024-10-31,0.0,6,10.0,10.0
ROKU,CONTROL,2025-01-30,0.0,5,6.0,2.0
ROKU,CONTROL,2025-02-28,0.0,4,10.0,
ROKU,CONTROL,2025-05-27,0.0,2,,
ROKU,CONTROL,2025-06-25,0.0,6,10.0,10.0
ROKU,CONTROL,2025-07-24,0.0,6,10.0,10.0
ROKU,CONTROL,2025-08-21,0.0,5,6.0,4.0
SAFT,GAP,2024-11-06,8.624808604658728,1,,
SAFT,CONTROL,2023-01-03,0.0,5,8.0,8.0
SAFT,CONTROL,2023-02-01,0.0,2,,
SAFT,CONTROL,2023-03-02,0.0,3,,
SAFT,CONTROL,2023-03-30,0.0,1,,
SAFT,CONTROL,2023-04-28,0.0,1,,
SAFT,CONTROL,2023-05-26,0.0,1,,
SAFT,CONTROL,2023-06-27,0.0,6,10.0,10.0
SAFT,CONTROL,2023-07-26,0.0,1,,
SAFT,CONTROL,2023-08-23,0.0,5,10.0,10.0
SAFT,CONTROL,2023-09-21,0.0,2,,
SAFT,CONTROL,2023-10-19,0.0,6,5.0,4.0
SAFT,CONTROL,2023-11-16,0.0,6,10.0,10.0
SAIC,GAP,2023-12-04,7.571721734492098,6,10.0,10.0
SAIC,GAP,2024-12-05,6.932437830978211,1,,
SAIC,GAP,2025-03-17,12.534707131595034,1,,
SAIC,CONTROL,2023-01-03,0.0,4,10.0,
SAIC,CONTROL,2023-02-01,0.0,1,,
SAIC,CONTROL,2023-03-02,0.0,5,10.0,10.0
SAIC,CONTROL,2023-03-30,0.0,3,,
SAIC,CONTROL,2023-04-28,0.0,6,10.0,10.0
SAIC,CONTROL,2023-05-26,0.0,1,,
SAIC,CONTROL,2023-06-27,0.0,6,10.0,10.0
SAIC,CONTROL,2023-07-26,0.0,6,10.0,10.0
SAIC,CONTROL,2023-08-23,0.0,6,10.0,10.0
SAIC,CONTROL,2023-09-21,0.0,1,,
SAIC,CONTROL,2023-10-19,0.0,2,,
SAIC,CONTROL,2023-11-16,0.0,6,4.0,3.0
SEIC,GAP,2024-10-24,4.66761544326888,6,10.0,10.0
SEIC,CONTROL,2023-01-03,0.0,4,1.0,
SEIC,CONTROL,2023-02-01,0.0,6,10.0,10.0
SEIC,CONTROL,2023-03-02,0.0,3,,
SEIC,CONTROL,2023-03-30,0.0,1,,
SEIC,CONTROL,2023-04-28,0.0,3,,
SEIC,CONTROL,2023-05-26,0.0,4,10.0,
SEIC,CONTROL,2023-06-27,0.0,6,10.0,9.0
SEIC,CONTROL,2023-07-26,0.0,6,10.0,10.0
SEIC,CONTROL,2023-08-23,0.0,4,9.0,
SEIC,CONTROL,2023-09-21,0.0,5,4.0,4.0
SEIC,CONTROL,2023-10-19,0.0,1,,
SEIC,CONTROL,2023-11-16,0.0,3,,
SON,GAP,2023-11-01,4.265571724901496,0,,
SON,CONTROL,2023-01-03,0.0,4,3.0,
SON,CONTROL,2023-02-01,0.0,4,2.0,
SON,CONTROL,2023-03-02,0.0,4,10.0,
SON,CONTROL,2023-03-30,0.0,2,,
SON,CONTROL,2023-04-28,0.0,6,10.0,10.0
SON,CONTROL,2023-05-26,0.0,5,7.0,6.0
SON,CONTROL,2023-06-27,0.0,5,10.0,10.0
SON,CONTROL,2023-07-26,0.0,2,,
SON,CONTROL,2023-08-23,0.0,1,,
SON,CONTROL,2023-09-21,0.0,2,,
SON,CONTROL,2023-11-16,0.0,4,2.0,
SON,CONTROL,2023-12-15,0.0,6,10.0,10.0
TECH,GAP,2024-05-01,11.596262943332647,1,,
TECH,GAP,2024-10-30,4.608418165159467,1,,
TECH,GAP,2024-11-06,4.096884502990861,2,,
TECH,GAP,2025-02-05,9.276376264570096,5,10.0,10.0
TECH,GAP,2025-04-23,4.543622910370715,1,,
TECH,GAP,2025-05-07,4.756912829470772,1,,
TECH,GAP,2025-07-23,4.781625215780205,6,9.0,9.0
TECH,CONTROL,2023-01-03,0.0,4,3.0,
TECH,CONTROL,2023-02-01,0.0,2,,
TECH,CONTROL,2023-03-02,0.0,1,,
TECH,CONTROL,2023-03-30,0.0,1,,
TECH,CONTROL,2023-04-28,0.0,6,10.0,10.0
TECH,CONTROL,2023-05-26,0.0,6,10.0,8.0
TECH,CONTROL,2023-06-27,0.0,1,,
TECH,CONTROL,2023-07-26,0.0,6,10.0,10.0
TECH,CONTROL,2023-08-23,0.0,4,9.0,
TECH,CONTROL,2023-09-21,0.0,1,,
TECH,CONTROL,2023-10-19,0.0,1,,
TECH,CONTROL,2023-11-16,0.0,1,,
TECH,CONTROL,2023-12-15,0.0,5,4.0,3.0
TECH,CONTROL,2024-01-17,0.0,4,10.0,
TECH,CONTROL,2024-02-14,0.0,1,,
TECH,CONTROL,2024-03-14,0.0,6,10.0,10.0
TECH,CONTROL,2024-04-12,0.0,2,,
TECH,CONTROL,2024-05-10,0.0,5,4.0,4.0
TECH,CONTROL,2024-06-10,0.0,5,10.0,10.0
TECH,CONTROL,2024-07-10,0.0,2,,
TECH,CONTROL,2024-08-07,0.0,6,10.0,10.0
USFD,GAP,2024-11-06,5.537070644846431,5,10.0,10.0
USFD,GAP,2025-04-08,4.216965744309431,1,,
USFD,CONTROL,2023-01-03,0.0,4,10.0,
USFD,CONTROL,2023-02-01,0.0,6,10.0,9.0
USFD,CONTROL,2023-03-02,0.0,6,10.0,7.0
USFD,CONTROL,2023-03-30,0.0,1,,
USFD,CONTROL,2023-04-28,0.0,5,10.0,10.0
USFD,CONTROL,2023-05-26,0.0,6,10.0,10.0
USFD,CONTROL,2023-06-27,0.0,6,10.0,10.0
USFD,CONTROL,2023-07-26,0.0,6,10.0,10.0
USFD,CONTROL,2023-08-23,0.0,2,,
USFD,CONTROL,2023-09-21,0.0,0,,
USFD,CONTROL,2023-10-19,0.0,1,,
USFD,CONTROL,2023-11-16,0.0,6,6.0,6.0
UTZ,GAP,2023-03-02,5.092007206966986,1,,
UTZ,GAP,2023-06-13,4.121773626420899,1,,
UTZ,GAP,2023-11-09,9.233304822690869,1,,
UTZ,GAP,2024-08-01,6.873314909598216,1,,
UTZ,GAP,2024-10-31,4.256645223259614,3,,
UTZ,CONTROL,2023-01-03,0.0,2,,
UTZ,CONTROL,2023-02-01,0.0,0,,
UTZ,CONTROL,2023-03-02,0.0,2,,
UTZ,CONTROL,2023-03-30,0.0,4,5.0,
UTZ,CONTROL,2023-04-28,0.0,6,10.0,10.0
UTZ,CONTROL,2023-05-26,0.0,2,,
UTZ,CONTROL,2023-06-27,0.0,1,,
UTZ,CONTROL,2023-07-26,0.0,3,,
UTZ,CONTROL,2023-08-23,0.0,1,,
UTZ,CONTROL,2023-09-21,0.0,1,,
UTZ,CONTROL,2023-10-19,0.0,1,,
UTZ,CONTROL,2023-11-16,0.0,1,,
UTZ,CONTROL,2023-12-15,0.0,5,8.0,7.0
UTZ,CONTROL,2024-01-17,0.0,6,10.0,10.0
UTZ,CONTROL,2024-02-14,0.0,6,10.0,10.0
V,GAP,2024-11-06,4.4427020321006205,6,10.0,10.0
V,CONTROL,2023-01-03,0.0,4,3.0,
V,CONTROL,2023-02-01,0.0,6,10.0,10.0
V,CONTROL,2023-03-02,0.0,5,10.0,10.0
V,CONTROL,2023-03-30,0.0,5,6.0,1.0
V,CONTROL,2023-04-28,0.0,6,10.0,10.0
V,CONTROL,2023-05-26,0.0,5,10.0,7.0
V,CONTROL,2023-06-27,0.0,5,3.0,3.0
V,CONTROL,2023-07-26,0.0,6,10.0,10.0
V,CONTROL,2023-08-23,0.0,5,10.0,10.0
V,CONTROL,2023-09-21,0.0,6,10.0,10.0
V,CONTROL,2023-10-19,0.0,3,,
V,CONTROL,2023-11-16,0.0,6,9.0,7.0
