rule,support,gap_hits,control_hits,gap_coverage,control_coverage,precision_in_sample,lift
near_high_5 + range_contract_075 + atr_expand_110,4,3,1,0.09090909090909091,0.010101010101010102,0.75,9.0
near_high_5 + range_vs_prior_075 + atr_expand_110,4,3,1,0.09090909090909091,0.010101010101010102,0.75,9.0
range_contract_075 + range_vs_prior_075 + atr_expand_110,7,5,2,0.15151515151515152,0.020202020202020204,0.7142857142857143,7.5
range_contract_075 + atr_expand_110 + trend_stack,7,5,2,0.15151515151515152,0.020202020202020204,0.7142857142857143,7.5
range_vs_prior_075 + atr_expand_110 + trend_stack,7,5,2,0.15151515151515152,0.020202020202020204,0.7142857142857143,7.5
range_contract_075 + atr_expand_110 + ema20_gt_ema50,9,6,3,0.18181818181818182,0.030303030303030304,0.6666666666666666,6.0
range_vs_prior_075 + atr_expand_110 + ema20_gt_ema50,9,6,3,0.18181818181818182,0.030303030303030304,0.6666666666666666,6.0
shallow_pullback_8 + range_vs_prior_075 + atr_expand_110,8,5,3,0.15151515151515152,0.030303030303030304,0.625,5.0
range_contract_075 + atr_expand_110 + close_gt_ema20,8,5,3,0.15151515151515152,0.030303030303030304,0.625,5.0
range_vs_prior_075 + volume_dry_080 + ema20_gt_ema50,7,4,3,0.12121212121212122,0.030303030303030304,0.5714285714285714,4.0
shallow_pullback_8 + range_contract_075 + atr_expand_110,9,5,4,0.15151515151515152,0.04040404040404041,0.5555555555555556,3.75
range_vs_prior_075 + atr_expand_110 + close_gt_ema20,9,5,4,0.15151515151515152,0.04040404040404041,0.5555555555555556,3.75
range_vs_prior_075 + atr_expand_110,11,6,5,0.18181818181818182,0.050505050505050504,0.5454545454545454,3.6
range_contract_075 + atr_expand_110,12,6,6,0.18181818181818182,0.06060606060606061,0.5,3.0
volume_dry_080 + ema20_gt_ema50,8,4,4,0.12121212121212122,0.04040404040404041,0.5,3.0
shallow_pullback_8 + atr_expand_110 + higher_lows_2of2,8,4,4,0.12121212121212122,0.04040404040404041,0.5,3.0
atr_expand_110 + trend_stack + higher_lows_2of2,8,4,4,0.12121212121212122,0.04040404040404041,0.5,3.0
atr_expand_110 + higher_lows_2of2 + close_gt_ema20,8,4,4,0.12121212121212122,0.04040404040404041,0.5,3.0
near_high_5 + atr_expand_110 + higher_lows_2of2,6,3,3,0.09090909090909091,0.030303030303030304,0.5,3.0
range_contract_075 + volume_dry_080 + ema20_gt_ema50,6,3,3,0.09090909090909091,0.030303030303030304,0.5,3.0
near_high_5 + volume_dry_080,4,2,2,0.06060606060606061,0.020202020202020204,0.5,3.0
near_high_5 + shallow_pullback_8 + volume_dry_080,4,2,2,0.06060606060606061,0.020202020202020204,0.5,3.0
near_high_5 + range_vs_prior_075 + volume_dry_080,4,2,2,0.06060606060606061,0.020202020202020204,0.5,3.0
near_high_5 + volume_dry_080 + trend_stack,4,2,2,0.06060606060606061,0.020202020202020204,0.5,3.0
near_high_5 + volume_dry_080 + ema20_gt_ema50,4,2,2,0.06060606060606061,0.020202020202020204,0.5,3.0
near_high_5 + volume_dry_080 + close_gt_ema20,4,2,2,0.06060606060606061,0.020202020202020204,0.5,3.0
range_contract_075 + volume_expand_110 + atr_expand_110,4,2,2,0.06060606060606061,0.020202020202020204,0.5,3.0
near_high_5 + atr_expand_110 + trend_stack,15,7,8,0.21212121212121213,0.08080808080808081,0.4666666666666667,2.625
near_high_5 + atr_expand_110 + ema20_gt_ema50,15,7,8,0.21212121212121213,0.08080808080808081,0.4666666666666667,2.625
shallow_pullback_8 + range_contract_075 + trend_stack,28,12,16,0.36363636363636365,0.16161616161616163,0.42857142857142855,2.25
shallow_pullback_8 + range_vs_prior_075 + volume_dry_080,7,3,4,0.09090909090909091,0.04040404040404041,0.42857142857142855,2.25
shallow_pullback_8 + volume_dry_080 + ema20_gt_ema50,7,3,4,0.09090909090909091,0.04040404040404041,0.42857142857142855,2.25
shallow_pullback_8 + range_contract_075 + ema20_gt_ema50,33,14,19,0.42424242424242425,0.1919191919191919,0.42424242424242425,2.210526315789474
shallow_pullback_8 + range_vs_prior_075 + ema20_gt_ema50,33,14,19,0.42424242424242425,0.1919191919191919,0.42424242424242425,2.210526315789474
range_contract_075 + ema20_gt_ema50,38,16,22,0.48484848484848486,0.2222222222222222,0.42105263157894735,2.181818181818182
atr_expand_110 + higher_lows_2of2,12,5,7,0.15151515151515152,0.0707070707070707,0.4166666666666667,2.142857142857143
atr_expand_110 + higher_lows_2of2 + ema20_gt_ema50,12,5,7,0.15151515151515152,0.0707070707070707,0.4166666666666667,2.142857142857143
range_vs_prior_075 + ema20_gt_ema50,41,17,24,0.5151515151515151,0.24242424242424243,0.4146341463414634,2.125
near_high_5 + atr_expand_110,17,7,10,0.21212121212121213,0.10101010101010101,0.4117647058823529,2.1
near_high_5 + shallow_pullback_8 + atr_expand_110,17,7,10,0.21212121212121213,0.10101010101010101,0.4117647058823529,2.1
near_high_5 + atr_expand_110 + close_gt_ema20,17,7,10,0.21212121212121213,0.10101010101010101,0.4117647058823529,2.1
range_contract_075 + range_vs_prior_075 + ema20_gt_ema50,32,13,19,0.3939393939393939,0.1919191919191919,0.40625,2.0526315789473686
range_contract_075 + trend_stack,30,12,18,0.36363636363636365,0.18181818181818182,0.4,2.0
range_contract_075 + trend_stack + ema20_gt_ema50,30,12,18,0.36363636363636365,0.18181818181818182,0.4,2.0
range_contract_075 + trend_stack + close_gt_ema20,30,12,18,0.36363636363636365,0.18181818181818182,0.4,2.0
range_contract_075 + ema20_gt_ema50 + close_gt_ema20,30,12,18,0.36363636363636365,0.18181818181818182,0.4,2.0
range_vs_prior_075 + volume_dry_080 + trend_stack,5,2,3,0.06060606060606061,0.030303030303030304,0.4,2.0
shallow_pullback_8 + range_contract_075,38,15,23,0.45454545454545453,0.23232323232323232,0.39473684210526316,1.9565217391304348
shallow_pullback_8 + range_vs_prior_075 + trend_stack,28,11,17,0.3333333333333333,0.1717171717171717,0.39285714285714285,1.9411764705882353
shallow_pullback_8 + atr_expand_110 + trend_stack,23,9,14,0.2727272727272727,0.1414141414141414,0.391304347826087,1.9285714285714286
near_high_5 + range_contract_075,18,7,11,0.21212121212121213,0.1111111111111111,0.3888888888888889,1.9090909090909092
near_high_5 + shallow_pullback_8 + range_contract_075,18,7,11,0.21212121212121213,0.1111111111111111,0.3888888888888889,1.9090909090909092
near_high_5 + range_contract_075 + trend_stack,18,7,11,0.21212121212121213,0.1111111111111111,0.3888888888888889,1.9090909090909092
near_high_5 + range_contract_075 + ema20_gt_ema50,18,7,11,0.21212121212121213,0.1111111111111111,0.3888888888888889,1.9090909090909092
near_high_5 + range_contract_075 + close_gt_ema20,18,7,11,0.21212121212121213,0.1111111111111111,0.3888888888888889,1.9090909090909092
range_vs_prior_075 + trend_stack,29,11,18,0.3333333333333333,0.18181818181818182,0.3793103448275862,1.8333333333333333
range_vs_prior_075 + trend_stack + ema20_gt_ema50,29,11,18,0.3333333333333333,0.18181818181818182,0.3793103448275862,1.8333333333333333
range_vs_prior_075 + trend_stack + close_gt_ema20,29,11,18,0.3333333333333333,0.18181818181818182,0.3793103448275862,1.8333333333333333
range_vs_prior_075 + ema20_gt_ema50 + close_gt_ema20,29,11,18,0.3333333333333333,0.18181818181818182,0.3793103448275862,1.8333333333333333
near_high_5 + trend_stack,37,14,23,0.42424242424242425,0.23232323232323232,0.3783783783783784,1.8260869565217392
near_high_5 + ema20_gt_ema50,37,14,23,0.42424242424242425,0.23232323232323232,0.3783783783783784,1.8260869565217392
shallow_pullback_8 + range_vs_prior_075,37,14,23,0.42424242424242425,0.23232323232323232,0.3783783783783784,1.8260869565217392
near_high_5 + shallow_pullback_8 + trend_stack,37,14,23,0.42424242424242425,0.23232323232323232,0.3783783783783784,1.8260869565217392
near_high_5 + shallow_pullback_8 + ema20_gt_ema50,37,14,23,0.42424242424242425,0.23232323232323232,0.3783783783783784,1.8260869565217392
near_high_5 + trend_stack + ema20_gt_ema50,37,14,23,0.42424242424242425,0.23232323232323232,0.3783783783783784,1.8260869565217392
near_high_5 + trend_stack + close_gt_ema20,37,14,23,0.42424242424242425,0.23232323232323232,0.3783783783783784,1.8260869565217392
near_high_5 + ema20_gt_ema50 + close_gt_ema20,37,14,23,0.42424242424242425,0.23232323232323232,0.3783783783783784,1.8260869565217392
shallow_pullback_8 + range_contract_075 + close_gt_ema20,32,12,20,0.36363636363636365,0.20202020202020202,0.375,1.8
shallow_pullback_8 + volume_dry_080,8,3,5,0.09090909090909091,0.050505050505050504,0.375,1.8
near_high_5 + volume_expand_110 + atr_expand_110,8,3,5,0.09090909090909091,0.050505050505050504,0.375,1.8
range_contract_075 + volume_expand_110 + trend_stack,8,3,5,0.09090909090909091,0.050505050505050504,0.375,1.8
range_contract_075 + volume_expand_110 + ema20_gt_ema50,8,3,5,0.09090909090909091,0.050505050505050504,0.375,1.8
range_vs_prior_075 + volume_expand_110 + ema20_gt_ema50,8,3,5,0.09090909090909091,0.050505050505050504,0.375,1.8
near_high_5 + range_vs_prior_075,19,7,12,0.21212121212121213,0.12121212121212122,0.3684210526315789,1.75
near_high_5 + higher_lows_2of2,19,7,12,0.21212121212121213,0.12121212121212122,0.3684210526315789,1.75
near_high_5 + shallow_pullback_8 + range_vs_prior_075,19,7,12,0.21212121212121213,0.12121212121212122,0.3684210526315789,1.75
near_high_5 + shallow_pullback_8 + higher_lows_2of2,19,7,12,0.21212121212121213,0.12121212121212122,0.3684210526315789,1.75
near_high_5 + range_vs_prior_075 + trend_stack,19,7,12,0.21212121212121213,0.12121212121212122,0.3684210526315789,1.75
near_high_5 + range_vs_prior_075 + ema20_gt_ema50,19,7,12,0.21212121212121213,0.12121212121212122,0.3684210526315789,1.75
near_high_5 + range_vs_prior_075 + close_gt_ema20,19,7,12,0.21212121212121213,0.12121212121212122,0.3684210526315789,1.75
near_high_5 + trend_stack + higher_lows_2of2,19,7,12,0.21212121212121213,0.12121212121212122,0.3684210526315789,1.75
near_high_5 + higher_lows_2of2 + ema20_gt_ema50,19,7,12,0.21212121212121213,0.12121212121212122,0.3684210526315789,1.75
near_high_5 + higher_lows_2of2 + close_gt_ema20,19,7,12,0.21212121212121213,0.12121212121212122,0.3684210526315789,1.75
shallow_pullback_8 + trend_stack + higher_lows_2of2,22,8,14,0.24242424242424243,0.1414141414141414,0.36363636363636365,1.7142857142857144
atr_expand_110 + trend_stack,25,9,16,0.2727272727272727,0.16161616161616163,0.36,1.6874999999999998
range_contract_075 + range_vs_prior_075 + trend_stack,25,9,16,0.2727272727272727,0.16161616161616163,0.36,1.6874999999999998
atr_expand_110 + trend_stack + ema20_gt_ema50,25,9,16,0.2727272727272727,0.16161616161616163,0.36,1.6874999999999998
atr_expand_110 + trend_stack + close_gt_ema20,25,9,16,0.2727272727272727,0.16161616161616163,0.36,1.6874999999999998
atr_expand_110 + ema20_gt_ema50 + close_gt_ema20,25,9,16,0.2727272727272727,0.16161616161616163,0.36,1.6874999999999998
near_high_5 + close_gt_ema20,39,14,25,0.42424242424242425,0.25252525252525254,0.358974358974359,1.68
near_high_5 + shallow_pullback_8 + close_gt_ema20,39,14,25,0.42424242424242425,0.25252525252525254,0.358974358974359,1.68
shallow_pullback_8 + trend_stack,53,19,34,0.5757575757575758,0.3434343434343434,0.3584905660377358,1.6764705882352944
shallow_pullback_8 + trend_stack + ema20_gt_ema50,53,19,34,0.5757575757575758,0.3434343434343434,0.3584905660377358,1.6764705882352944
shallow_pullback_8 + trend_stack + close_gt_ema20,53,19,34,0.5757575757575758,0.3434343434343434,0.3584905660377358,1.6764705882352944
shallow_pullback_8 + ema20_gt_ema50 + close_gt_ema20,53,19,34,0.5757575757575758,0.3434343434343434,0.3584905660377358,1.6764705882352944
near_high_5 + volume_expand_110 + trend_stack,14,5,9,0.15151515151515152,0.09090909090909091,0.35714285714285715,1.6666666666666667
near_high_5 + volume_expand_110 + ema20_gt_ema50,14,5,9,0.15151515151515152,0.09090909090909091,0.35714285714285715,1.6666666666666667
range_contract_075 + trend_stack + higher_lows_2of2,14,5,9,0.15151515151515152,0.09090909090909091,0.35714285714285715,1.6666666666666667
volume_expand_110 + atr_expand_110 + trend_stack,14,5,9,0.15151515151515152,0.09090909090909091,0.35714285714285715,1.6666666666666667
shallow_pullback_8 + ema20_gt_ema50,62,22,40,0.6666666666666666,0.40404040404040403,0.3548387096774194,1.65
shallow_pullback_8 + range_contract_075 + range_vs_prior_075,31,11,20,0.3333333333333333,0.20202020202020202,0.3548387096774194,1.65
near_high_5 + shallow_pullback_8,40,14,26,0.42424242424242425,0.26262626262626265,0.35,1.6153846153846152
trend_stack + higher_lows_2of2,23,8,15,0.24242424242424243,0.15151515151515152,0.34782608695652173,1.6
shallow_pullback_8 + higher_lows_2of2 + close_gt_ema20,23,8,15,0.24242424242424243,0.15151515151515152,0.34782608695652173,1.6
trend_stack + higher_lows_2of2 + ema20_gt_ema50,23,8,15,0.24242424242424243,0.15151515151515152,0.34782608695652173,1.6
trend_stack + higher_lows_2of2 + close_gt_ema20,23,8,15,0.24242424242424243,0.15151515151515152,0.34782608695652173,1.6
higher_lows_2of2 + ema20_gt_ema50 + close_gt_ema20,23,8,15,0.24242424242424243,0.15151515151515152,0.34782608695652173,1.6
shallow_pullback_8 + atr_expand_110 + ema20_gt_ema50,26,9,17,0.2727272727272727,0.1717171717171717,0.34615384615384615,1.588235294117647
shallow_pullback_8 + range_vs_prior_075 + close_gt_ema20,32,11,21,0.3333333333333333,0.21212121212121213,0.34375,1.5714285714285714
trend_stack + ema20_gt_ema50,57,19,38,0.5757575757575758,0.3838383838383838,0.3333333333333333,1.5000000000000002
trend_stack + close_gt_ema20,57,19,38,0.5757575757575758,0.3838383838383838,0.3333333333333333,1.5000000000000002
ema20_gt_ema50 + close_gt_ema20,57,19,38,0.5757575757575758,0.3838383838383838,0.3333333333333333,1.5000000000000002
trend_stack + ema20_gt_ema50 + close_gt_ema20,57,19,38,0.5757575757575758,0.3838383838383838,0.3333333333333333,1.5000000000000002
higher_lows_2of2 + ema20_gt_ema50,30,10,20,0.30303030303030304,0.20202020202020202,0.3333333333333333,1.5
shallow_pullback_8 + atr_expand_110 + close_gt_ema20,27,9,18,0.2727272727272727,0.18181818181818182,0.3333333333333333,1.4999999999999998
higher_lows_2of2 + close_gt_ema20,24,8,16,0.24242424242424243,0.16161616161616163,0.3333333333333333,1.5
shallow_pullback_8 + higher_lows_2of2 + ema20_gt_ema50,24,8,16,0.24242424242424243,0.16161616161616163,0.3333333333333333,1.5
shallow_pullback_8 + volume_expand_110 + trend_stack,21,7,14,0.21212121212121213,0.1414141414141414,0.3333333333333333,1.5
range_vs_prior_075 + higher_lows_2of2 + ema20_gt_ema50,18,6,12,0.18181818181818182,0.12121212121212122,0.3333333333333333,1.5
near_high_5 + range_contract_075 + range_vs_prior_075,15,5,10,0.15151515151515152,0.10101010101010101,0.3333333333333333,1.5
range_contract_075 + higher_lows_2of2 + ema20_gt_ema50,15,5,10,0.15151515151515152,0.10101010101010101,0.3333333333333333,1.5
range_contract_075 + higher_lows_2of2 + close_gt_ema20,15,5,10,0.15151515151515152,0.10101010101010101,0.3333333333333333,1.5
range_vs_prior_075 + trend_stack + higher_lows_2of2,15,5,10,0.15151515151515152,0.10101010101010101,0.3333333333333333,1.5
near_high_5 + range_contract_075 + higher_lows_2of2,12,4,8,0.12121212121212122,0.08080808080808081,0.3333333333333333,1.5
volume_dry_080 + trend_stack,6,2,4,0.06060606060606061,0.04040404040404041,0.3333333333333333,1.5
shallow_pullback_8 + range_contract_075 + volume_dry_080,6,2,4,0.06060606060606061,0.04040404040404041,0.3333333333333333,1.5
shallow_pullback_8 + volume_dry_080 + trend_stack,6,2,4,0.06060606060606061,0.04040404040404041,0.3333333333333333,1.5
range_contract_075 + volume_expand_110 + higher_lows_2of2,6,2,4,0.06060606060606061,0.04040404040404041,0.3333333333333333,1.5
volume_dry_080 + trend_stack + ema20_gt_ema50,6,2,4,0.06060606060606061,0.04040404040404041,0.3333333333333333,1.5
volume_dry_080 + trend_stack + close_gt_ema20,6,2,4,0.06060606060606061,0.04040404040404041,0.3333333333333333,1.5
volume_dry_080 + ema20_gt_ema50 + close_gt_ema20,6,2,4,0.06060606060606061,0.04040404040404041,0.3333333333333333,1.5
range_contract_075 + close_gt_ema20,40,13,27,0.3939393939393939,0.2727272727272727,0.325,1.4444444444444444
shallow_pullback_8 + higher_lows_2of2,25,8,17,0.24242424242424243,0.1717171717171717,0.32,1.411764705882353
volume_expand_110 + trend_stack,22,7,15,0.21212121212121213,0.15151515151515152,0.3181818181818182,1.4
volume_expand_110 + trend_stack + ema20_gt_ema50,22,7,15,0.21212121212121213,0.15151515151515152,0.3181818181818182,1.4
volume_expand_110 + trend_stack + close_gt_ema20,22,7,15,0.21212121212121213,0.15151515151515152,0.3181818181818182,1.4
volume_expand_110 + ema20_gt_ema50 + close_gt_ema20,22,7,15,0.21212121212121213,0.15151515151515152,0.3181818181818182,1.4
shallow_pullback_8 + close_gt_ema20,63,20,43,0.6060606060606061,0.43434343434343436,0.31746031746031744,1.3953488372093024
near_high_5 + volume_expand_110,16,5,11,0.15151515151515152,0.1111111111111111,0.3125,1.3636363636363638
range_contract_075 + higher_lows_2of2,16,5,11,0.15151515151515152,0.1111111111111111,0.3125,1.3636363636363638
near_high_5 + shallow_pullback_8 + volume_expand_110,16,5,11,0.15151515151515152,0.1111111111111111,0.3125,1.3636363636363638
near_high_5 + volume_expand_110 + close_gt_ema20,16,5,11,0.15151515151515152,0.1111111111111111,0.3125,1.3636363636363638
shallow_pullback_8 + range_contract_075 + higher_lows_2of2,16,5,11,0.15151515151515152,0.1111111111111111,0.3125,1.3636363636363638
range_vs_prior_075 + higher_lows_2of2 + close_gt_ema20,16,5,11,0.15151515151515152,0.1111111111111111,0.3125,1.3636363636363638
near_high_5 + range_vs_prior_075 + higher_lows_2of2,13,4,9,0.12121212121212122,0.09090909090909091,0.3076923076923077,1.3333333333333333
atr_expand_110 + ema20_gt_ema50,36,11,25,0.3333333333333333,0.25252525252525254,0.3055555555555556,1.3199999999999998
shallow_pullback_8 + volume_expand_110 + ema20_gt_ema50,23,7,16,0.21212121212121213,0.16161616161616163,0.30434782608695654,1.3125
shallow_pullback_8 + atr_expand_110,30,9,21,0.2727272727272727,0.21212121212121213,0.3,1.2857142857142856
range_vs_prior_075 + higher_lows_2of2,20,6,14,0.18181818181818182,0.1414141414141414,0.3,1.2857142857142858
shallow_pullback_8 + range_contract_075 + volume_expand_110,10,3,7,0.09090909090909091,0.0707070707070707,0.3,1.2857142857142858
shallow_pullback_8 + volume_expand_110 + higher_lows_2of2,10,3,7,0.09090909090909091,0.0707070707070707,0.3,1.2857142857142858
volume_expand_110 + trend_stack + higher_lows_2of2,10,3,7,0.09090909090909091,0.0707070707070707,0.3,1.2857142857142858
volume_expand_110 + higher_lows_2of2 + close_gt_ema20,10,3,7,0.09090909090909091,0.0707070707070707,0.3,1.2857142857142858
shallow_pullback_8 + range_vs_prior_075 + higher_lows_2of2,17,5,12,0.15151515151515152,0.12121212121212122,0.29411764705882354,1.25
shallow_pullback_8 + volume_expand_110 + close_gt_ema20,28,8,20,0.24242424242424243,0.20202020202020202,0.2857142857142857,1.2
range_vs_prior_075 + volume_dry_080,14,4,10,0.12121212121212122,0.10101010101010101,0.2857142857142857,1.2
volume_expand_110 + higher_lows_2of2 + ema20_gt_ema50,14,4,10,0.12121212121212122,0.10101010101010101,0.2857142857142857,1.2
shallow_pullback_8 + volume_dry_080 + close_gt_ema20,7,2,5,0.06060606060606061,0.050505050505050504,0.2857142857142857,1.2
range_vs_prior_075 + volume_expand_110 + trend_stack,7,2,5,0.06060606060606061,0.050505050505050504,0.2857142857142857,1.2
range_vs_prior_075 + volume_expand_110 + higher_lows_2of2,7,2,5,0.06060606060606061,0.050505050505050504,0.2857142857142857,1.2
atr_expand_110 + close_gt_ema20,32,9,23,0.2727272727272727,0.23232323232323232,0.28125,1.1739130434782608
range_contract_075 + range_vs_prior_075,54,15,39,0.45454545454545453,0.3939393939393939,0.2777777777777778,1.153846153846154
shallow_pullback_8 + volume_expand_110 + atr_expand_110,18,5,13,0.15151515151515152,0.13131313131313133,0.2777777777777778,1.1538461538461537
volume_expand_110 + atr_expand_110 + close_gt_ema20,18,5,13,0.15151515151515152,0.13131313131313133,0.2777777777777778,1.1538461538461537
volume_expand_110 + ema20_gt_ema50,29,8,21,0.24242424242424243,0.21212121212121213,0.27586206896551724,1.1428571428571428
range_vs_prior_075 + close_gt_ema20,40,11,29,0.3333333333333333,0.29292929292929293,0.275,1.1379310344827585
range_contract_075 + range_vs_prior_075 + close_gt_ema20,33,9,24,0.2727272727272727,0.24242424242424243,0.2727272727272727,1.1249999999999998
range_contract_075 + volume_dry_080,11,3,8,0.09090909090909091,0.08080808080808081,0.2727272727272727,1.125
range_contract_075 + range_vs_prior_075 + volume_dry_080,11,3,8,0.09090909090909091,0.08080808080808081,0.2727272727272727,1.125
shallow_pullback_8 + volume_expand_110,30,8,22,0.24242424242424243,0.2222222222222222,0.26666666666666666,1.090909090909091
volume_expand_110 + higher_lows_2of2,15,4,11,0.12121212121212122,0.1111111111111111,0.26666666666666666,1.090909090909091
range_contract_075 + range_vs_prior_075 + higher_lows_2of2,15,4,11,0.12121212121212122,0.1111111111111111,0.26666666666666666,1.090909090909091
volume_expand_110 + atr_expand_110 + ema20_gt_ema50,20,5,15,0.15151515151515152,0.15151515151515152,0.25,1.0
near_high_5 + volume_expand_110 + higher_lows_2of2,8,2,6,0.06060606060606061,0.06060606060606061,0.25,1.0
volume_expand_110 + atr_expand_110 + higher_lows_2of2,8,2,6,0.06060606060606061,0.06060606060606061,0.25,1.0
range_contract_075 + volume_dry_080 + trend_stack,4,1,3,0.030303030303030304,0.030303030303030304,0.25,1.0
range_vs_prior_075 + volume_dry_080 + higher_lows_2of2,4,1,3,0.030303030303030304,0.030303030303030304,0.25,1.0
volume_dry_080 + trend_stack + higher_lows_2of2,4,1,3,0.030303030303030304,0.030303030303030304,0.25,1.0
volume_dry_080 + higher_lows_2of2 + ema20_gt_ema50,4,1,3,0.030303030303030304,0.030303030303030304,0.25,1.0
volume_expand_110 + close_gt_ema20,33,8,25,0.24242424242424243,0.25252525252525254,0.24242424242424243,0.96
range_contract_075 + volume_expand_110 + close_gt_ema20,13,3,10,0.09090909090909091,0.10101010101010101,0.23076923076923078,0.9
shallow_pullback_8 + range_vs_prior_075 + volume_expand_110,9,2,7,0.06060606060606061,0.0707070707070707,0.2222222222222222,0.8571428571428572
range_vs_prior_075 + volume_dry_080 + close_gt_ema20,9,2,7,0.06060606060606061,0.0707070707070707,0.2222222222222222,0.8571428571428572
volume_dry_080 + close_gt_ema20,10,2,8,0.06060606060606061,0.08080808080808081,0.2,0.75
volume_dry_080 + higher_lows_2of2,5,1,4,0.030303030303030304,0.04040404040404041,0.2,0.75
atr_contract_080 + close_gt_ema20,5,1,4,0.030303030303030304,0.04040404040404041,0.2,0.75
near_high_5 + range_contract_075 + volume_expand_110,5,1,4,0.030303030303030304,0.04040404040404041,0.2,0.75
shallow_pullback_8 + volume_dry_080 + higher_lows_2of2,5,1,4,0.030303030303030304,0.04040404040404041,0.2,0.75
range_contract_075 + atr_contract_080 + close_gt_ema20,5,1,4,0.030303030303030304,0.04040404040404041,0.2,0.75
range_vs_prior_075 + atr_contract_080 + close_gt_ema20,5,1,4,0.030303030303030304,0.04040404040404041,0.2,0.75
volume_dry_080 + higher_lows_2of2 + close_gt_ema20,5,1,4,0.030303030303030304,0.04040404040404041,0.2,0.75
range_contract_075 + volume_expand_110,16,3,13,0.09090909090909091,0.13131313131313133,0.1875,0.6923076923076923
volume_expand_110 + atr_expand_110,27,5,22,0.15151515151515152,0.2222222222222222,0.18518518518518517,0.6818181818181819
range_vs_prior_075 + volume_expand_110,17,3,14,0.09090909090909091,0.1414141414141414,0.17647058823529413,0.6428571428571429
range_vs_prior_075 + volume_expand_110 + close_gt_ema20,12,2,10,0.06060606060606061,0.10101010101010101,0.16666666666666666,0.6
range_contract_075 + range_vs_prior_075 + volume_expand_110,13,2,11,0.06060606060606061,0.1111111111111111,0.15384615384615385,0.5454545454545455
range_contract_075 + volume_dry_080 + close_gt_ema20,7,1,6,0.030303030303030304,0.06060606060606061,0.14285714285714285,0.5
range_contract_075 + atr_contract_080,13,1,12,0.030303030303030304,0.12121212121212122,0.07692307692307693,0.25
range_contract_075 + range_vs_prior_075 + atr_contract_080,13,1,12,0.030303030303030304,0.12121212121212122,0.07692307692307693,0.25
range_vs_prior_075 + atr_contract_080,14,1,13,0.030303030303030304,0.13131313131313133,0.07142857142857142,0.23076923076923075
volume_dry_080 + atr_contract_080,5,0,5,0.0,0.050505050505050504,0.0,0.0
range_contract_075 + volume_dry_080 + atr_contract_080,5,0,5,0.0,0.050505050505050504,0.0,0.0
range_vs_prior_075 + volume_dry_080 + atr_contract_080,5,0,5,0.0,0.050505050505050504,0.0,0.0
near_high_5 + range_vs_prior_075 + volume_expand_110,4,0,4,0.0,0.04040404040404041,0.0,0.0
