symbol,status,grade,quality_score,market_cap_hkd,market_cap_hkd_bn,current_price,day_low,breakout_level,ema20_live,ema20_breakout_distance_pct,rs_vs_2800_pct,pct_below_52w_high,breakout_age_days,undercut_vs_breakout_pct,shallow_bonus,headroom_bonus,congestion_score,congestion_status,touched_breakout_today,touched_ema20_today,above_both_now
3347.HK,READY_NOW,A,8,39503876096.0,39.5,45.36,43.72,44.98,44.795,0.41,28.7,20.05,12,-2.8,0,0,2,FORMING_NOW,True,True,True
0270.HK,RECLAIM_PENDING,A+,14,57761648640.0,57.76,8.715,8.67,8.736,8.7,0.409,16.62,2.84,15,-0.76,1,1,4,BOTH,True,True,False
6198.HK,RECLAIM_PENDING,B,9,48877985792.0,48.88,7.46,7.4,7.402,7.473,0.96,15.85,3.37,18,-0.03,2,1,2,FORMING_NOW,True,True,False
3877.HK,RECLAIM_PENDING,B,8,14798077952.0,14.8,2.385,2.35,2.405,2.392,0.554,10.02,6.46,17,-2.29,0,1,3,BOTH,True,True,False
0956.HK,RECLAIM_PENDING,D,4,14673215488.0,14.67,3.3,3.27,3.37,3.286,2.48,9.23,25.45,18,-2.97,0,0,4,BOTH,True,True,False
3369.HK,RECLAIM_PENDING,D,3,13689159680.0,13.69,2.315,2.315,2.38,2.382,0.067,1.61,39.4,24,-2.73,0,0,3,BOTH,True,True,False
0517.HK,WATCH_CLUSTER,B,10,9785359360.0,9.79,6.68,6.63,6.555,6.494,0.937,27.01,6.77,10,1.14,2,1,3,BOTH,False,False,True
0836.HK,WATCH_CLUSTER,B,10,100642004992.0,100.64,19.83,19.7,19.37,19.204,0.855,12.96,5.54,5,1.7,2,1,3,BOTH,False,False,True
0659.HK,WATCH_CLUSTER,B,10,39739695104.0,39.74,8.7,8.555,8.255,8.299,0.532,10.12,6.02,6,3.63,2,1,3,BOTH,False,False,True
3988.HK,WATCH_CLUSTER,B,8,1907497369600.0,1907.5,5.985,5.98,5.9,5.958,0.976,16.45,2.52,24,1.36,2,1,1,FORMING_NOW,False,False,True
2602.HK,WATCH_CLUSTER,B,8,21692860416.0,21.69,19.95,19.34,18.848,18.995,0.776,13.23,12.21,22,2.61,2,0,2,BOTH,False,False,True
0939.HK,WATCH_CLUSTER,C,7,2499591798784.0,2499.59,9.63,9.585,9.5,9.607,1.121,16.32,2.73,24,0.89,2,1,2,BOTH,False,True,True
0839.HK,WATCH_CLUSTER,C,7,5320594432.0,5.32,2.08,1.995,1.945,1.917,1.453,10.03,38.82,10,2.57,2,0,3,BOTH,False,False,True
1112.HK,WATCH_CLUSTER,C,6,12356043776.0,12.36,19.3,18.89,18.47,18.148,1.746,36.16,0.97,5,2.27,2,0,2,FORMING_NOW,False,False,True
0144.HK,WATCH_CLUSTER,C,6,71450116096.0,71.45,17.11,16.99,16.9,16.675,1.334,29.37,1.21,5,0.53,2,0,2,BOTH,False,False,True
0991.HK,WATCH_CLUSTER,C,5,49227853824.0,49.23,2.72,2.69,2.651,2.623,1.074,18.24,18.96,18,1.47,2,0,1,FORMING_NOW,False,False,True
0013.HK,WATCH_CLUSTER,C,4,19554095104.0,19.55,22.34,22.1,22.3,21.948,1.578,25.01,14.08,21,-0.9,1,0,1,FORMING_NOW,True,False,True
0135.HK,WATCH_CLUSTER,D,6,65467740160.0,65.47,7.375,7.33,7.166,7.345,2.499,11.9,11.91,28,2.3,2,0,4,BOTH,False,True,True
0737.HK,WATCH_CLUSTER,D,6,6313552896.0,6.31,1.915,1.915,1.835,1.89,2.968,10.08,2.54,26,4.35,2,1,3,BOTH,False,False,True
6821.HK,WATCH_CLUSTER,D,5,60300652544.0,60.3,165.5,162.0,159.9,156.574,2.08,40.53,7.02,13,1.31,2,1,2,BOTH,False,False,True
2877.HK,WATCH_CLUSTER,D,5,5525751296.0,5.53,7.375,7.185,6.99,7.171,2.601,22.12,5.25,18,2.8,2,1,2,FORMING_NOW,False,True,True
2388.HK,WATCH_CLUSTER,D,5,536039981056.0,536.04,50.9,50.65,52.559,51.402,2.203,10.41,5.48,15,-3.63,0,1,4,BOTH,True,True,False
0998.HK,WATCH_CLUSTER,D,4,463524200448.0,463.52,8.26,8.22,8.19,8.366,2.145,18.46,5.0,26,0.37,2,1,1,FORMING_NOW,False,True,False
3968.HK,WATCH_CLUSTER,D,3,1276124200960.0,1276.12,50.95,50.75,52.6,51.067,2.914,10.26,4.86,21,-3.52,0,1,2,BOTH,True,True,False
1988.HK,WATCH_CLUSTER,D,3,148422410240.0,148.42,3.4,3.375,3.529,3.435,2.68,6.79,19.3,17,-4.37,0,0,3,BOTH,True,True,False
0696.HK,WATCH_CLUSTER,D,3,25955477504.0,25.96,8.885,8.865,9.005,8.8,2.277,4.43,19.98,27,-1.55,0,0,3,BOTH,True,False,False
0639.HK,WATCH_CLUSTER,D,2,13898609664.0,13.9,2.78,2.745,2.843,2.765,2.753,30.31,15.44,25,-3.45,0,0,2,BOTH,True,True,False
1606.HK,WATCH_CLUSTER,D,2,18521085952.0,18.52,1.515,1.49,1.54,1.502,2.464,12.64,9.89,15,-3.25,0,0,2,BOTH,True,True,False
2190.HK,WATCH_CLUSTER,D,2,7075282944.0,7.08,21.62,21.38,21.66,21.217,2.043,11.2,21.85,28,-1.29,0,0,2,BOTH,True,False,False
1088.HK,WATCH_CLUSTER,D,2,941321486336.0,941.32,43.24,43.2,45.02,44.361,1.464,2.09,10.21,30,-4.04,0,0,2,BOTH,True,True,False
