symbol,setup,grade,score,compression_setup,compression_grade,compression_score,current_price,breakout_level,distance_to_breakout_pct,ema20,ema50,sma200,pct_above_ema20,rs_pct,pct_below_52w_high,volume_contracting,range_contracting
0270.HK,PRE_ENTRY,A,10,False,A,9,8.785,8.97,2.06,8.694,8.406,7.537,1.05,18.0,2.06,True,True
3328.HK,PRE_ENTRY,A,10,False,A,9,8.19,8.38,2.27,8.117,7.816,7.025,0.9,19.83,2.27,True,True
1308.HK,PRE_ENTRY,A,10,False,A,8,48.26,49.48,2.47,47.092,43.999,33.914,2.48,47.19,2.47,True,True
0144.HK,PRE_ENTRY,A,9,True,A,8,17.09,17.32,1.33,16.581,15.886,14.989,3.07,27.84,1.33,False,True
0517.HK,PRE_ENTRY,A,9,True,A,8,6.635,6.75,1.7,6.458,6.155,5.856,2.75,27.2,7.39,True,True
3306.HK,PRE_ENTRY,A,9,False,B,7,21.29,21.751,2.12,20.239,19.365,18.59,5.19,20.98,2.12,True,True
9677.HK,PRE_ENTRY,A,8,True,A,9,3.03,3.03,0.0,2.988,2.903,2.667,1.42,5.7,0.0,False,True
1070.HK,PRE_ENTRY,A,8,False,B,6,17.56,17.98,2.34,17.013,16.42,13.58,3.21,17.3,2.34,False,False
2877.HK,PRE_ENTRY,A,8,False,B,6,7.29,7.539,3.3,7.14,6.84,6.741,2.1,18.03,6.34,True,True
1288.HK,PRE_ENTRY,A,8,False,B,7,6.485,6.715,3.43,6.45,6.272,5.731,0.54,16.65,3.43,True,False
2269.HK,PRE_ENTRY,B,8,False,A,8,55.4,56.5,1.95,52.01,48.146,38.444,6.52,46.74,1.95,True,True
2268.HK,PRE_ENTRY,B,7,False,B,6,81.15,82.35,1.46,77.609,71.65,62.183,4.56,30.25,5.09,False,True
0836.HK,PRE_ENTRY,B,7,True,B,7,19.55,19.85,1.51,19.079,18.732,18.059,2.47,13.08,6.88,False,True
0135.HK,PRE_ENTRY,B,7,False,B,7,7.39,7.564,2.3,7.328,7.171,7.148,0.84,11.61,11.73,True,True
2359.HK,PRE_ENTRY,B,7,False,B,6,212.4,218.4,2.75,203.837,191.522,140.384,4.2,37.84,2.75,False,True
1112.HK,PRE_ENTRY,B,7,False,C,5,18.89,19.49,3.08,17.938,16.547,13.588,5.3,39.95,3.08,True,False
1093.HK,PRE_ENTRY,B,7,False,C,5,9.855,10.17,3.1,9.432,9.07,8.595,4.48,21.34,8.07,True,True
0177.HK,PRE_ENTRY,B,6,False,B,6,10.43,10.8,3.43,10.364,10.097,9.743,0.64,6.6,3.43,False,True
0293.HK,PRE_ENTRY,B,6,False,B,6,14.37,14.943,3.84,14.327,14.087,12.546,0.3,5.67,3.84,True,False
0081.HK,PRE_ENTRY,C,4,False,C,3,3.075,3.185,3.45,2.887,2.747,2.523,6.5,34.73,6.68,False,False
1138.HK,PRE_ENTRY,C,4,False,C,3,19.77,20.68,4.4,18.448,17.053,15.18,7.17,50.67,6.72,False,False
