symbol,status,grade,quality_score,market_cap_hkd,market_cap_hkd_bn,current_price,day_low,breakout_level,ema20_live,ema20_breakout_distance_pct,rs_vs_2800_pct,pct_below_52w_high,breakout_age_days,undercut_vs_breakout_pct,shallow_bonus,headroom_bonus,congestion_score,congestion_status,touched_breakout_today,touched_ema20_today,above_both_now,entry_marker,double_reclaim,reclaim_breakout,reclaim_breakout_only,candle_pattern,candle_side,high_conviction_score,high_conviction_entry,high_conviction_reasons
2602.HK,READY_NOW,B,8,21692860416.0,21.69,18.92,18.81,18.848,18.835,0.068,12.25,16.75,20,-0.2,2,0,2,BOTH,True,True,True,False,True,True,False,BEAR_CANDLE,BEAR,7,False,DOUBLE_RECLAIM|RECLAIM_BREAKOUT|GRADE_B
3347.HK,READY_NOW,C,4,39503876096.0,39.5,45.32,44.0,44.98,44.481,1.11,28.6,20.12,10,-2.18,0,0,2,FORMING_NOW,True,True,True,False,True,True,False,BEAR_CANDLE,BEAR,5,False,DOUBLE_RECLAIM|RECLAIM_BREAKOUT
6198.HK,RECLAIM_PENDING,B,8,48877985792.0,48.88,7.47,7.345,7.402,7.472,0.943,16.76,3.24,16,-0.77,1,1,2,FORMING_NOW,True,True,False,False,False,True,True,STRONG_BULL_CANDLE,BULL,6,False,RECLAIM_BREAKOUT|GRADE_B|BULL_CANDLE
3877.HK,RECLAIM_PENDING,B,8,14798077952.0,14.8,2.375,2.35,2.405,2.393,0.492,12.11,6.85,15,-2.29,0,1,3,BOTH,True,True,False,False,False,False,False,BULL_CANDLE,BULL,3,False,GRADE_B|BULL_CANDLE
3988.HK,RECLAIM_PENDING,B,7,1907497369600.0,1907.5,5.92,5.855,5.9,5.948,0.819,20.75,3.58,22,-0.76,1,1,1,FORMING_NOW,True,True,False,False,False,True,True,HAMMER,BULL,5,False,RECLAIM_BREAKOUT|GRADE_B|BULL_CANDLE
0939.HK,RECLAIM_PENDING,C,7,2499591798784.0,2499.59,9.51,9.455,9.5,9.599,1.044,19.38,3.94,22,-0.47,2,1,2,BOTH,True,True,False,False,False,True,True,BEAR_CANDLE,BEAR,3,False,RECLAIM_BREAKOUT
0998.HK,RECLAIM_PENDING,D,4,463524200448.0,463.52,8.24,8.17,8.19,8.387,2.411,20.54,5.23,24,-0.24,2,1,1,FORMING_NOW,True,True,False,False,False,True,True,BEAR_CANDLE,BEAR,2,False,RECLAIM_BREAKOUT
1038.HK,RECLAIM_PENDING,D,4,163522756608.0,163.52,64.85,64.35,64.755,65.05,0.456,9.67,2.41,29,-0.62,1,1,2,BOTH,True,True,False,False,False,True,True,DOJI,NEUTRAL,3,False,RECLAIM_BREAKOUT
3369.HK,RECLAIM_PENDING,D,2,13689159680.0,13.69,2.39,2.33,2.38,2.398,0.754,6.87,37.44,22,-2.1,0,0,2,BOTH,True,True,False,False,False,True,True,BULL_CANDLE,BULL,3,False,RECLAIM_BREAKOUT|BULL_CANDLE
0696.HK,RECLAIM_PENDING,D,2,25955477504.0,25.96,8.87,8.745,9.005,8.778,2.521,5.57,20.11,25,-2.89,0,0,2,BOTH,True,True,False,False,False,False,False,DOJI,NEUTRAL,0,False,
1919.HK,RECLAIM_PENDING,D,1,254446714880.0,254.45,16.57,16.38,16.767,16.426,2.032,22.96,5.39,29,-2.31,0,1,0,NONE,True,True,False,False,False,False,False,BEAR_CANDLE,BEAR,0,False,
0270.HK,WATCH_CLUSTER,A+,14,57761648640.0,57.76,8.785,8.72,8.736,8.694,0.482,19.81,2.06,13,-0.18,2,1,3,BOTH,True,False,True,False,False,True,True,BEAR_CANDLE,BEAR,6,False,RECLAIM_BREAKOUT|GRADE_A+
0659.HK,WATCH_CLUSTER,B,9,39739695104.0,39.74,8.72,8.64,8.255,8.22,0.429,11.17,5.8,4,4.66,2,1,2,PRE_BREAKOUT,False,False,True,False,False,False,False,BULL_CANDLE,BULL,3,False,GRADE_B|BULL_CANDLE
2196.HK,WATCH_CLUSTER,B,8,48494997504.0,48.49,17.86,17.7,17.67,17.538,0.748,11.31,33.48,30,0.17,2,0,2,BOTH,True,False,True,False,False,True,True,BEAR_CANDLE,BEAR,4,False,RECLAIM_BREAKOUT|GRADE_B
2269.HK,WATCH_CLUSTER,B,7,224545832960.0,224.55,55.4,54.2,51.55,52.01,0.893,48.55,1.95,27,5.14,2,0,1,PRE_BREAKOUT,False,False,True,False,False,False,False,BULL_CANDLE,BULL,3,False,GRADE_B|BULL_CANDLE
0517.HK,WATCH_CLUSTER,C,8,9785359360.0,9.79,6.635,6.535,6.555,6.458,1.487,29.01,7.39,8,-0.31,2,1,3,BOTH,True,False,True,False,False,True,True,BEARISH_ENGULFING,BEAR,3,False,RECLAIM_BREAKOUT
0836.HK,WATCH_CLUSTER,C,7,100642004992.0,100.64,19.55,19.3,19.37,19.079,1.5,14.88,6.88,3,-0.36,2,1,2,PRE_BREAKOUT,True,False,True,True,False,True,False,STRONG_BULL_CANDLE,BULL,3,False,RECLAIM_BREAKOUT|BULL_CANDLE
0991.HK,WATCH_CLUSTER,C,5,49227853824.0,49.23,2.665,2.64,2.651,2.601,1.887,17.24,20.6,16,-0.42,2,0,1,FORMING_NOW,True,False,True,False,False,True,True,BEAR_CANDLE,BEAR,2,False,RECLAIM_BREAKOUT
0144.HK,WATCH_CLUSTER,C,4,71450116096.0,71.45,17.09,16.76,16.9,16.581,1.887,29.65,1.33,3,-0.83,1,0,1,PRE_BREAKOUT,True,False,True,True,False,True,False,BULLISH_ENGULFING,BULL,4,False,RECLAIM_BREAKOUT|BULL_CANDLE
2343.HK,WATCH_CLUSTER,C,3,19969071104.0,19.97,3.875,3.8,4.095,4.047,1.161,33.05,12.92,29,-7.2,0,0,1,PRE_BREAKOUT,True,True,False,False,False,False,False,BEAR_CANDLE,BEAR,0,False,
0737.HK,WATCH_CLUSTER,D,6,6313552896.0,6.31,1.88,1.88,1.835,1.887,2.834,8.94,4.33,24,2.44,2,1,3,BOTH,False,True,False,False,False,False,False,STRONG_BEAR_CANDLE,BEAR,1,False,
2388.HK,WATCH_CLUSTER,D,5,536039981056.0,536.04,50.5,50.15,52.559,51.487,2.041,16.13,6.22,13,-4.58,0,1,4,BOTH,True,True,False,False,False,False,False,BEAR_CANDLE,BEAR,0,False,
0135.HK,WATCH_CLUSTER,D,5,65467740160.0,65.47,7.39,7.275,7.166,7.328,2.272,13.42,11.73,26,1.53,2,0,3,BOTH,False,True,True,False,False,False,False,DOJI,NEUTRAL,0,False,
2877.HK,WATCH_CLUSTER,D,4,5525751296.0,5.53,7.29,7.2,6.99,7.14,2.159,19.83,6.34,16,3.01,2,1,1,FORMING_NOW,False,False,True,False,False,False,False,BEARISH_ENGULFING,BEAR,0,False,
0956.HK,WATCH_CLUSTER,D,4,14673215488.0,14.67,3.245,3.23,3.37,3.287,2.46,4.67,26.69,16,-4.15,0,0,4,BOTH,True,True,False,False,False,False,False,BULL_CANDLE,BULL,1,False,BULL_CANDLE
1308.HK,WATCH_CLUSTER,D,3,128611999744.0,128.61,48.26,47.36,45.794,47.092,2.834,49.0,2.47,29,3.42,2,1,0,NONE,False,False,True,False,False,False,False,HAMMER_BEAR_BODY,BULL,2,False,BULL_CANDLE
3968.HK,WATCH_CLUSTER,D,3,1276124200960.0,1276.12,50.7,50.1,52.6,51.088,2.875,10.94,5.32,19,-4.75,0,1,2,BOTH,True,True,False,False,False,False,False,HAMMER_BEAR_BODY,BULL,1,False,BULL_CANDLE
1606.HK,WATCH_CLUSTER,D,3,18521085952.0,18.52,1.47,1.455,1.54,1.501,2.513,9.29,12.56,13,-5.52,0,0,3,BOTH,True,True,False,False,False,False,False,HAMMER,BULL,1,False,BULL_CANDLE
0003.HK,WATCH_CLUSTER,D,3,131458793472.0,131.46,7.055,6.985,7.275,7.104,2.338,8.6,5.57,29,-3.98,0,1,2,BOTH,True,True,False,False,False,False,False,HAMMER,BULL,1,False,BULL_CANDLE
0006.HK,WATCH_CLUSTER,D,3,126481088512.0,126.48,59.1,58.7,60.61,59.722,1.466,4.26,7.79,29,-3.15,0,1,2,BOTH,True,True,False,False,False,False,False,BEAR_CANDLE,BEAR,0,False,
0639.HK,WATCH_CLUSTER,D,2,13898609664.0,13.9,2.75,2.685,2.843,2.764,2.797,29.8,16.35,23,-5.56,0,0,2,BOTH,True,True,False,False,False,False,False,BEAR_CANDLE,BEAR,0,False,
1093.HK,WATCH_CLUSTER,D,2,113256136704.0,113.26,9.855,9.72,9.22,9.432,2.302,23.15,8.07,30,5.42,2,0,0,NONE,False,False,True,False,False,False,False,BEAR_CANDLE,BEAR,0,False,
1988.HK,WATCH_CLUSTER,D,2,148422410240.0,148.42,3.38,3.34,3.529,3.439,2.567,8.11,19.78,15,-5.36,0,0,2,BOTH,True,True,False,False,False,False,False,BEAR_CANDLE,BEAR,0,False,
2190.HK,WATCH_CLUSTER,D,2,7075282944.0,7.08,21.18,20.92,21.66,21.101,2.582,6.93,23.44,26,-3.42,0,0,2,BOTH,True,True,False,False,False,False,False,BEAR_CANDLE,BEAR,0,False,
1088.HK,WATCH_CLUSTER,D,2,941321486336.0,941.32,43.5,43.26,45.02,44.616,0.898,5.23,9.67,28,-3.91,0,0,2,BOTH,True,True,False,False,False,False,False,BEAR_CANDLE,BEAR,0,False,
0013.HK,WATCH_CLUSTER,D,1,19554095104.0,19.55,22.1,22.06,22.3,21.796,2.26,22.01,16.29,19,-1.08,0,0,1,FORMING_NOW,True,False,False,False,False,False,False,STRONG_BEAR_CANDLE,BEAR,0,False,
3339.HK,WATCH_CLUSTER,D,0,13375312896.0,13.38,3.135,3.09,3.33,3.235,2.864,6.03,13.4,24,-7.21,0,0,0,NONE,True,True,False,False,False,False,False,BEAR_CANDLE,BEAR,0,False,
