symbol,status,grade,quality_score,current_price,day_low,breakout_level,ema20_live,ema20_breakout_distance_pct,rs_vs_spy_pct,pct_below_52w_high,breakout_age_days,undercut_vs_breakout_pct,shallow_bonus,headroom_bonus,congestion_score,congestion_status,touched_breakout_today,touched_ema20_today,above_both_now,entry_marker,double_reclaim,reclaim_breakout,reclaim_breakout_only,candle_pattern,candle_side,high_conviction_score,high_conviction_entry,high_conviction_reasons
NET,READY_NOW,B,8,341.7,337.0,338.0,339.802,0.533,23.66,7.74,12,-0.3,2,1,1,FORMING_NOW,True,True,True,False,True,True,False,BULL_CANDLE,BULL,10,False,DOUBLE_RECLAIM|RECLAIM_BREAKOUT|RS20+|GRADE_B|BULL_CANDLE
GSL,READY_NOW,B,8,45.47,44.741,44.8,44.979,0.4,11.51,2.36,30,-0.13,2,1,1,FORMING_NOW,True,True,True,False,True,True,False,BULL_CANDLE,BULL,10,False,DOUBLE_RECLAIM|RECLAIM_BREAKOUT|RS10+|GRADE_B|BULL_CANDLE
PEGA,READY_NOW,B,6,35.5,34.1,34.529,34.649,0.347,10.38,47.57,28,-1.24,0,0,2,BOTH,True,True,True,False,True,True,False,STRONG_BULL_CANDLE,BULL,8,False,DOUBLE_RECLAIM|RECLAIM_BREAKOUT|RS10+|GRADE_B|BULL_CANDLE
AMRX,READY_NOW,B,5,19.645,18.97,19.26,19.429,0.876,11.84,7.23,12,-1.51,0,1,0,NONE,True,True,True,False,True,True,False,DOJI,NEUTRAL,7,False,DOUBLE_RECLAIM|RECLAIM_BREAKOUT|RS10+|GRADE_B
GMAB,READY_NOW,C,4,36.045,35.09,35.905,35.332,1.596,20.64,10.27,2,-2.27,0,0,2,PRE_BREAKOUT,True,True,True,False,True,True,False,HAMMER_BEAR_BODY,BULL,8,False,DOUBLE_RECLAIM|RECLAIM_BREAKOUT|RS20+|BULL_CANDLE
EFOR,READY_NOW,C,3,35.95,33.888,34.42,33.811,1.77,101.31,34.56,4,-1.55,0,0,1,PRE_BREAKOUT,True,True,True,False,True,True,False,HAMMER,BULL,8,False,DOUBLE_RECLAIM|RECLAIM_BREAKOUT|RS20+|BULL_CANDLE
SPSC,READY_NOW,C,3,83.29,80.59,82.5,81.515,1.193,33.23,27.49,28,-2.32,0,0,1,PRE_BREAKOUT,True,True,True,False,True,True,False,STRONG_BULL_CANDLE,BULL,8,False,DOUBLE_RECLAIM|RECLAIM_BREAKOUT|RS20+|BULL_CANDLE
ABM,READY_NOW,D,5,49.875,48.1,49.5,48.753,1.509,8.86,2.17,21,-2.83,0,1,4,BOTH,True,True,True,False,True,True,False,STRONG_BULL_CANDLE,BULL,7,False,DOUBLE_RECLAIM|RECLAIM_BREAKOUT|BULL_CANDLE
WOR,READY_NOW,D,2,61.21,59.98,61.128,59.854,2.085,9.55,9.37,22,-1.88,0,0,2,BOTH,True,True,True,False,True,True,False,BULLISH_ENGULFING,BULL,6,False,DOUBLE_RECLAIM|RECLAIM_BREAKOUT|BULL_CANDLE
SNOW,READY_NOW,D,0,343.56,332.11,341.95,334.963,2.043,27.76,10.66,23,-2.88,0,0,0,NONE,True,True,True,True,True,True,False,BULLISH_ENGULFING,BULL,8,False,DOUBLE_RECLAIM|RECLAIM_BREAKOUT|RS20+|BULL_CANDLE
