symbol,status,grade,quality_score,current_price,day_low,breakout_level,ema20_live,ema20_breakout_distance_pct,rs_vs_spy_pct,pct_below_52w_high,breakout_age_days,undercut_vs_breakout_pct,shallow_bonus,headroom_bonus,congestion_score,congestion_status,touched_breakout_today,touched_ema20_today,above_both_now
PLSE,READY_NOW,A,7,53.965,50.23,50.9,50.765,0.266,105.67,8.38,26,-1.32,0,0,1,PRE_BREAKOUT,True,True,True
RUSHB,READY_NOW,B,8,57.39,54.71,54.85,54.9,0.092,11.19,-0.02,15,-0.26,2,0,2,FORMING_NOW,True,True,True
QMCO,READY_NOW,B,4,30.41,28.3,29.15,29.331,0.622,211.71,14.7,10,-2.92,0,0,0,NONE,True,True,True
MSTR,READY_NOW,C,2,154.31,150.5,154.02,151.743,1.478,64.78,54.12,13,-2.29,0,0,0,NONE,True,True,True
WAT,RECLAIM_PENDING,C,5,433.78,428.19,436.34,428.484,1.8,13.46,4.57,8,-1.87,0,1,2,BOTH,True,True,False
BSTZ,RECLAIM_PENDING,D,4,30.03,29.72,30.196,29.937,0.857,7.5,5.45,5,-1.58,0,1,3,BOTH,True,True,False
BATRA,RECLAIM_PENDING,D,4,57.355,57.355,58.23,57.469,1.307,-2.93,5.17,10,-1.5,0,1,3,BOTH,True,True,False
NUTX,RECLAIM_PENDING,D,3,205.96,203.615,204.0,208.931,2.417,12.2,8.93,18,-0.19,2,0,1,PRE_BREAKOUT,True,True,False
BML-PL,RECLAIM_PENDING,D,3,19.78,19.56,19.97,19.74,1.152,1.56,2.8,6,-2.05,0,1,2,BOTH,True,True,False
TAK,RECLAIM_PENDING,D,2,18.725,18.37,18.84,18.386,2.408,10.79,1.96,15,-2.49,0,0,2,BOTH,True,True,False
SIG,WATCH_CLUSTER,A+,13,105.22,104.54,100.41,100.819,0.407,22.09,3.77,21,4.11,2,1,2,BOTH,False,False,True
ZIM,WATCH_CLUSTER,A+,12,29.99,29.91,29.56,29.424,0.461,23.24,3.13,22,1.18,2,1,1,PRE_BREAKOUT,False,False,True
MTD,WATCH_CLUSTER,B,9,1551.09,1527.525,1474.19,1484.796,0.719,16.59,2.18,12,3.62,2,1,2,FORMING_NOW,False,False,True
NVGS,WATCH_CLUSTER,B,9,23.93,23.72,23.49,23.54,0.211,14.46,6.08,17,0.98,2,1,2,PRE_BREAKOUT,False,False,True
EFOR,WATCH_CLUSTER,B,8,37.49,36.76,34.42,34.159,0.757,102.32,31.76,5,6.8,2,0,2,BOTH,False,False,True
ELPC,WATCH_CLUSTER,B,8,14.19,14.17,12.86,12.966,0.826,17.28,2.21,3,10.19,2,1,1,PRE_BREAKOUT,False,False,True
PBR,WATCH_CLUSTER,B,7,25.29,24.61,21.99,22.14,0.681,42.82,-1.77,3,11.91,2,0,1,PRE_BREAKOUT,False,False,True
CLMT,WATCH_CLUSTER,B,7,56.46,55.64,54.7,55.033,0.609,39.88,5.7,21,1.72,2,1,0,NONE,False,False,True
SPSC,WATCH_CLUSTER,B,7,84.58,83.14,82.5,81.81,0.837,30.79,26.37,29,0.78,2,0,1,PRE_BREAKOUT,False,False,True
LUXE,WATCH_CLUSTER,B,7,10.21,10.18,9.57,9.475,0.997,30.35,10.28,14,6.37,2,0,1,FORMING_NOW,False,False,True
WAY,WATCH_CLUSTER,B,7,26.68,25.975,25.87,25.628,0.937,13.08,33.88,28,0.41,2,0,1,PRE_BREAKOUT,False,False,True
BWLP,WATCH_CLUSTER,B,6,26.0,25.75,25.37,25.163,0.817,31.52,1.78,17,1.5,2,0,0,NONE,False,False,True
NSIT,WATCH_CLUSTER,C,7,163.51,161.0,161.76,158.722,1.878,31.97,2.96,19,-0.47,2,1,2,BOTH,True,False,True
GMAB,WATCH_CLUSTER,C,7,37.05,36.33,35.905,35.496,1.139,25.88,7.77,3,1.18,2,1,2,PRE_BREAKOUT,False,False,True
MEOH,WATCH_CLUSTER,C,7,62.13,61.695,61.194,60.126,1.746,19.6,6.35,21,0.82,2,1,2,BOTH,False,False,True
SFL,WATCH_CLUSTER,C,7,13.34,13.3,13.33,13.149,1.357,19.44,4.58,16,-0.23,2,1,2,BOTH,True,False,True
BST,WATCH_CLUSTER,C,7,50.6,50.126,49.1,49.627,1.073,12.18,3.29,13,2.09,2,1,2,BOTH,False,False,True
PTC,WATCH_CLUSTER,C,6,194.46,193.56,159.46,161.138,1.052,52.28,5.98,3,21.38,2,1,1,PRE_BREAKOUT,False,False,True
ZETA,WATCH_CLUSTER,C,6,33.09,32.985,32.05,31.494,1.735,48.53,4.91,24,2.92,2,1,1,PRE_BREAKOUT,False,False,True
LITE,WATCH_CLUSTER,C,6,1103.2,1077.375,1026.76,1007.678,1.858,40.85,2.99,5,4.93,2,1,1,PRE_BREAKOUT,False,False,True
UGP,WATCH_CLUSTER,C,6,7.9,7.835,7.36,7.489,1.755,32.8,4.59,22,6.45,2,1,1,PRE_BREAKOUT,False,False,True
NET,WATCH_CLUSTER,C,6,360.93,343.34,338.0,341.83,1.133,31.14,2.54,13,1.58,2,1,1,FORMING_NOW,False,False,True
A,WATCH_CLUSTER,C,6,170.54,168.57,168.689,165.377,1.963,24.65,3.53,10,-0.07,2,1,1,FORMING_NOW,True,False,True
IQV,WATCH_CLUSTER,C,6,260.03,257.73,266.08,262.99,1.161,22.52,6.26,24,-3.14,0,1,3,BOTH,True,True,False
CNXN,WATCH_CLUSTER,C,6,92.72,90.59,90.67,89.34,1.466,15.65,1.25,5,-0.09,2,0,2,BOTH,True,False,True
WOR,WATCH_CLUSTER,C,6,62.51,60.66,61.128,60.107,1.669,13.73,7.45,23,-0.77,1,1,2,BOTH,True,False,True
VIA,WATCH_CLUSTER,C,5,32.33,31.26,29.11,29.474,1.252,73.8,41.43,11,7.39,2,0,1,FORMING_NOW,False,False,True
PBR-A,WATCH_CLUSTER,C,5,22.485,22.04,19.7,20.014,1.593,43.26,1.03,3,11.88,2,0,1,PRE_BREAKOUT,False,False,True
DT,WATCH_CLUSTER,C,5,63.5,61.62,57.25,58.123,1.525,39.64,-3.12,11,7.63,2,0,1,FORMING_NOW,False,False,True
TK,WATCH_CLUSTER,C,5,15.285,15.225,14.12,14.399,1.975,38.37,0.68,19,7.83,2,0,1,PRE_BREAKOUT,False,False,True
SNOW,WATCH_CLUSTER,C,5,368.92,345.3,341.95,338.184,1.101,34.56,4.07,24,0.98,2,1,0,NONE,False,False,True
CMBT,WATCH_CLUSTER,C,5,20.59,20.5,19.97,19.595,1.876,30.59,1.41,15,2.65,2,0,1,PRE_BREAKOUT,False,False,True
XERS,WATCH_CLUSTER,C,5,10.48,10.08,9.2,9.379,1.948,25.66,7.5,8,9.57,2,1,0,NONE,False,False,True
AMRX,WATCH_CLUSTER,C,5,19.92,19.527,19.26,19.476,1.121,13.18,5.93,13,1.38,2,1,0,NONE,False,False,True
FRNM,WATCH_CLUSTER,C,4,15.74,15.48,16.03,15.813,1.352,40.58,10.06,24,-3.43,0,0,2,BOTH,True,True,False
SID,WATCH_CLUSTER,C,4,1.275,1.245,1.19,1.172,1.538,21.02,42.05,24,4.62,2,0,0,NONE,False,False,True
CAI,WATCH_CLUSTER,C,3,29.71,27.67,29.085,28.698,1.33,71.38,11.71,15,-4.87,0,0,1,FORMING_NOW,True,True,True
NTRA,WATCH_CLUSTER,C,3,400.73,391.51,394.86,388.418,1.631,44.08,8.39,10,-0.85,1,0,0,NONE,True,False,True
NEO,WATCH_CLUSTER,C,3,16.355,16.0,17.46,17.752,1.674,13.14,18.83,29,-8.36,0,0,1,PRE_BREAKOUT,True,True,False
ABM,WATCH_CLUSTER,D,6,49.625,49.61,49.5,48.837,1.339,7.3,2.66,22,0.22,2,1,3,BOTH,True,False,True
AVTR,WATCH_CLUSTER,D,4,15.675,15.415,14.835,15.237,2.707,45.67,4.27,24,3.91,2,1,1,PRE_BREAKOUT,False,False,True
VEON,WATCH_CLUSTER,D,4,77.13,76.15,71.1,72.668,2.205,45.42,2.16,10,7.1,2,1,1,PRE_BREAKOUT,False,False,True
LPG,WATCH_CLUSTER,D,4,57.54,57.24,56.93,55.597,2.342,43.81,4.05,16,0.54,2,1,1,PRE_BREAKOUT,False,False,True
PEGA,WATCH_CLUSTER,D,4,35.635,35.18,34.529,34.742,0.616,9.19,47.37,29,1.89,2,0,2,BOTH,False,False,True
RGA,WATCH_CLUSTER,D,4,256.1,253.32,253.34,249.878,1.367,5.26,0.94,24,-0.01,2,0,2,BOTH,True,False,True
EXEL,WATCH_CLUSTER,D,4,59.86,59.0,57.57,58.123,0.961,4.05,2.09,25,2.48,2,1,1,PRE_BREAKOUT,False,False,True
QQQX,WATCH_CLUSTER,D,4,31.12,31.03,30.589,30.53,0.191,2.63,0.13,13,1.44,2,0,2,BOTH,False,False,True
NGL-PC,WATCH_CLUSTER,D,4,25.985,25.75,25.486,25.496,0.04,1.63,0.28,5,1.04,2,0,2,BOTH,False,False,True
GDV-PH,WATCH_CLUSTER,D,4,21.96,21.389,21.27,20.977,1.379,0.33,2.76,1,0.56,2,1,1,PRE_BREAKOUT,False,False,True
NTNX,WATCH_CLUSTER,D,3,74.62,72.99,68.88,70.856,2.869,32.36,-0.27,29,5.97,2,0,1,PRE_BREAKOUT,False,False,True
GAP,WATCH_CLUSTER,D,3,23.22,22.99,21.726,22.376,2.99,15.37,19.02,28,5.82,2,0,1,PRE_BREAKOUT,False,False,True
URBN,WATCH_CLUSTER,D,3,82.209,80.26,80.5,78.489,2.499,14.92,3.77,30,-0.3,2,1,0,NONE,True,False,True
KT,WATCH_CLUSTER,D,3,18.295,17.905,19.37,19.071,1.544,2.5,25.57,30,-7.56,0,0,3,BOTH,True,True,False
MUFG,WATCH_CLUSTER,D,3,22.385,21.92,23.46,22.928,2.268,-0.74,7.73,24,-6.56,0,1,2,BOTH,True,True,False
TMO,WATCH_CLUSTER,D,2,657.97,644.161,671.47,654.25,2.564,21.82,5.24,10,-4.07,0,1,1,FORMING_NOW,True,True,False
WT,WATCH_CLUSTER,D,2,22.615,22.51,24.22,23.615,2.496,16.61,12.72,30,-7.06,0,0,2,BOTH,True,True,False
MATX,WATCH_CLUSTER,D,2,225.76,224.815,232.42,226.266,2.648,7.48,6.27,18,-3.27,0,1,1,PRE_BREAKOUT,True,True,False
ROG,WATCH_CLUSTER,D,2,147.34,145.71,145.99,144.533,0.998,6.51,12.82,6,-0.19,2,0,0,NONE,True,False,True
PAA,WATCH_CLUSTER,D,2,24.345,24.27,25.1,24.435,2.649,2.42,7.75,30,-3.31,0,1,1,PRE_BREAKOUT,True,True,False
VOD,WATCH_CLUSTER,D,2,15.555,15.5,16.68,16.536,0.863,-2.22,12.17,23,-7.07,0,0,2,BOTH,True,True,False
HCM,WATCH_CLUSTER,D,1,14.02,13.8,14.325,13.963,2.527,23.08,14.51,13,-3.66,0,0,1,PRE_BREAKOUT,True,True,False
DDS,WATCH_CLUSTER,D,1,641.77,615.67,665.745,652.055,2.056,19.41,9.61,8,-7.52,0,0,1,PRE_BREAKOUT,True,True,False
WF,WATCH_CLUSTER,D,1,72.89,72.36,77.68,75.467,2.849,12.44,13.95,19,-6.85,0,0,1,PRE_BREAKOUT,True,True,False
DUOL,WATCH_CLUSTER,D,1,149.9,148.52,151.0,146.822,2.767,10.5,57.54,26,-1.64,0,0,1,PRE_BREAKOUT,True,False,False
ARW,WATCH_CLUSTER,D,1,227.93,222.47,233.94,227.48,2.761,10.19,8.62,4,-4.9,0,0,1,PRE_BREAKOUT,True,True,False
BSBR,WATCH_CLUSTER,D,1,5.8,5.795,5.91,5.755,2.62,7.92,17.68,24,-1.95,0,0,1,PRE_BREAKOUT,True,False,False
MU,WATCH_CLUSTER,D,1,1028.135,1017.0,1064.49,1039.387,2.358,6.96,18.06,12,-4.46,0,0,1,FORMING_NOW,True,True,False
ADI,WATCH_CLUSTER,D,1,406.31,399.865,406.19,396.148,2.472,2.81,8.6,4,-1.56,0,0,1,PRE_BREAKOUT,True,False,True
BBY,WATCH_CLUSTER,D,0,87.01,86.955,90.421,88.213,2.442,4.91,9.86,18,-3.83,0,0,0,NONE,True,True,False
DE,WATCH_CLUSTER,D,0,620.9,619.95,676.276,668.782,1.108,3.51,13.7,25,-8.33,0,0,0,NONE,True,True,False
