symbol,market,status,delay,entry_price,stop,risk_pct,target_1R,target_2R,both_highs,us_high_quality,reversal_date,reversal_close,reversal_high,reversal_low,prev5_high,clv,body_frac,vol_ratio20,vol_expand,ema20_reclaim_on_day1,prev5_high_reclaim_on_day1,score
6198.HK,HK,CONFIRMED_ENTRY,1,7.5,7.34499979019165,0.02066669464111328,7.65500020980835,7.810000419616699,False,False,2026-10-05,7.46999979019165,7.485000133514404,7.34499979019165,7.690000057220459,0.8928549533041328,0.8928549533041328,0.5313553803628519,False,False,False,5
3908.HK,HK,CONFIRMED_ENTRY,3,20.100000381469727,18.989999771118164,0.05522390991469217,21.21000099182129,22.32000160217285,False,False,2026-09-30,19.559999465942383,19.639999389648438,18.989999771118164,21.34000015258789,0.8769231220674497,0.43076760557180876,0.6613223104655556,False,False,False,5
1801.HK,HK,CONFIRMED_ENTRY,2,99.3499984741211,92.4000015258789,0.06995467594347812,106.29999542236328,113.24999237060547,False,False,2026-10-02,96.25,96.5999984741211,92.4000015258789,102.5999984741211,0.9166669694206379,0.48809631935942105,0.8079645389779757,False,False,False,5
3380.HK,HK,CONFIRMED_ENTRY,1,1.274999976158142,1.1649999618530273,0.08627452263690953,1.3849999904632568,1.4950000047683716,False,False,2026-10-05,1.2200000286102295,1.2300000190734863,1.1649999618530273,1.309999942779541,0.8461541283057624,0.8461541283057624,0.27881595148756155,False,False,False,5
9973.HK,HK,CONFIRMED_ENTRY,2,26.34000015258789,23.040000915527344,0.1252847083501753,29.639999389648438,32.939998626708984,True,False,2026-10-02,24.299999237060547,24.34000015258789,23.040000915527344,25.440000534057617,0.969230046920804,0.43076907276392584,0.31295220906144283,False,False,False,5
2299.HK,HK,WATCH,0,,5.599999904632568,,,,,False,2026-10-06,5.800000190734863,5.880000114440918,5.599999904632568,5.849999904632568,0.7142862008538785,0.35714395192122655,19.274924471299094,True,True,False,7
2518.HK,HK,WATCH,0,,39.86000061035156,,,,,False,2026-10-06,40.459999084472656,40.459999084472656,39.86000061035156,42.0,1.0,0.8333354526149817,3.8476436410587476,True,False,False,6
0901.HK,HK,WATCH,0,,57.45000076293945,,,,,False,2026-10-06,60.400001525878906,60.79999923706055,57.45000076293945,65.0,0.8805976437686037,0.47761284107394597,0.9336357041892708,False,False,False,5
1883.HK,HK,WATCH,0,,2.3399999141693115,,,,,False,2026-10-06,2.380000114440918,2.380000114440918,2.3399999141693115,2.4100000858306885,1.0,0.6249992549456707,0.9559471011069167,False,False,False,5
1779.HK,HK,WATCH,0,,93.0,,,,,False,2026-10-06,101.5,102.5,93.0,113.0999984741211,0.8947368421052632,0.8947368421052632,0.03302328700589542,False,False,False,5
6745.HK,HK,WATCH,0,,2.700000047683716,,,,,False,2026-10-06,2.819999933242798,2.8550000190734863,2.700000047683716,2.9154612264967246,0.7741929529607747,0.7419356823464084,0.1730402527298428,False,False,False,5
