symbol,market,status,delay,entry_price,stop,risk_pct,us_high_quality,reversal_date,reversal_close,reversal_high,reversal_low,prev5_high,clv,body_frac,vol_ratio20,vol_expand,ema20_reclaim_on_day1,prev5_high_reclaim_on_day1,score,target_1R,target_2R,both_highs
HALO,US,CONFIRMED_ENTRY,3,110.79000091552734,106.6500015258789,0.03736798768333805,False,2026-10-02,109.86000061035156,109.98999786376953,106.6500015258789,115.62999725341797,0.9610786239663758,0.8682648819041527,1.0200734509385398,False,True,False,6,114.93000030517578,119.06999969482422,False
TSCO,US,CONFIRMED_ENTRY,2,32.52000045776367,30.530000686645508,0.06119310403155548,True,2026-10-05,31.420000076293945,31.520000457763672,30.530000686645508,32.34000015258789,0.8989894903139419,0.6666666666666666,1.6126493193814242,True,False,False,6,34.510000228881836,36.5,True
ISRG,US,CONFIRMED_ENTRY,2,414.5199890136719,389.1099853515625,0.06129982711466127,False,2026-10-05,406.4800109863281,407.6300048828125,389.1099853515625,416.510009765625,0.9379053626512694,0.9028068891876928,0.6946085286689349,False,True,False,6,439.92999267578125,465.3399963378906,False
SPOT,US,CONFIRMED_ENTRY,2,512.9199829101562,470.25,0.08319033052301723,True,2026-10-05,483.04998779296875,484.20001220703125,470.25,507.0299987792969,0.9175610460410314,0.719711056760458,0.8533586077836544,False,False,False,5,555.5899658203125,598.2599487304688,True
MU,US,WATCH,0,,1011.4199829101562,,False,2026-10-07,1088.0,1089.219970703125,1011.4199829101562,1108.0,0.9843191401729853,0.9078408221703571,1.2039468717649011,True,True,False,7,,,
M,US,WATCH,0,,21.450000762939453,,False,2026-10-07,22.790000915527344,23.059999465942383,21.450000762939453,23.6299991607666,0.8322989019112597,0.4782615391723522,1.5560055565741235,True,True,False,7,,,
NLY-PF,US,WATCH,0,,25.1200008392334,,False,2026-10-08,25.34000015258789,25.350000381469727,25.1200008392334,25.399900436401367,0.9565206574560894,0.6086942099414526,1.7539012863894003,True,True,False,7,,,
ING,US,WATCH,0,,33.529998779296875,,False,2026-10-07,33.91999816894531,34.04999923706055,33.529998779296875,35.9900016784668,0.7499981660125444,0.5192238565088215,1.1756492724401582,True,False,False,6,,,
GRAB,US,WATCH,0,,3.0,,False,2026-10-07,3.0799999237060547,3.0999999046325684,3.0,3.2300000190734863,0.8,0.4,1.100602756827505,True,False,False,6,,,
PSLV,US,WATCH,0,,19.204999923706055,,False,2026-10-08,19.399999618530273,19.475000381469727,19.204999923706055,20.149999618530273,0.7222198674748159,0.40740191299679285,1.2556942321381748,True,False,False,6,,,
MMYT,US,WATCH,0,,41.72999954223633,,False,2026-10-07,43.40999984741211,43.5,41.72999954223633,48.41999816894531,0.9491524693154021,0.35593271479218525,1.470734918160211,True,False,False,6,,,
WFG,US,WATCH,0,,62.08000183105469,,False,2026-10-07,63.38999938964844,63.54999923706055,62.08000183105469,71.75,0.8911563743184785,0.3945571699567407,1.4601473543201609,True,False,False,6,,,
ACHR,US,WATCH,0,,4.489999771118164,,False,2026-10-07,4.670000076293945,4.730000019073486,4.489999771118164,5.25,0.7500004967048599,0.45833341611747663,1.3242856588950522,True,False,False,6,,,
CMPR,US,WATCH,0,,71.69999694824219,,False,2026-10-07,73.58999633789062,73.77999877929688,71.69999694824219,80.06999969482422,0.9086527528151708,0.499996332025089,1.5658962191948569,True,False,False,6,,,
TILE,US,WATCH,0,,34.0,,False,2026-10-07,34.880001068115234,35.06999969482422,34.0,35.439998626708984,0.8224311393470092,0.4672898529023794,1.8210940154346453,True,False,False,6,,,
SPB,US,WATCH,0,,75.12999725341797,,False,2026-10-07,76.94999694824219,77.41999816894531,75.12999725341797,81.41999816894531,0.7947593743232663,0.5065482833869167,1.3338777304919989,True,False,False,6,,,
PSNL,US,WATCH,0,,15.680000305175781,,False,2026-10-07,16.0,16.100000381469727,15.680000305175781,16.59000015258789,0.7619038968942012,0.5357150966616864,1.751209779143637,True,False,False,6,,,
MGTX,US,WATCH,0,,10.319999694824219,,False,2026-10-07,10.819999694824219,11.010000228881836,10.319999694824219,11.600000381469727,0.7246371202927916,0.463767314703988,2.0884754129485477,True,False,False,6,,,
DSL,US,WATCH,0,,9.727299690246582,,False,2026-10-08,9.899999618530273,9.90999984741211,9.727299690246582,10.0600004196167,0.9452642568184784,0.7115437818086912,1.6634841807501168,True,False,False,6,,,
ACGLO,US,WATCH,0,,17.910200119018555,,False,2026-10-08,18.219999313354492,18.270000457763672,17.910200119018555,18.780000686645508,0.8610308578819862,0.5002730082326561,1.2556614888506905,True,False,False,6,,,
BML-PG,US,WATCH,0,,18.1299991607666,,False,2026-10-08,18.450000762939453,18.450000762939453,18.1299991607666,18.739999771118164,1.0,0.6249992549456707,0.7300551108778376,False,True,False,6,,,
RNR-PF,US,WATCH,0,,18.719999313354492,,False,2026-10-08,18.961200714111328,19.0,18.719999313354492,19.78499984741211,0.8614314616385447,0.39714307123248477,1.1545116320767403,True,False,False,6,,,
STX,US,WATCH,0,,780.9000244140625,,False,2026-10-07,807.5700073242188,810.780029296875,780.9000244140625,946.3599853515625,0.8925695633168149,0.7804552715328646,0.9605860155576078,False,False,False,5,,,
UBS,US,WATCH,0,,46.810001373291016,,False,2026-10-07,47.41999816894531,47.45000076293945,46.810001373291016,49.05500030517578,0.9531209021767637,0.8124955296473786,0.7511868313323472,False,False,False,5,,,
WFC-PC,US,WATCH,0,,15.369999885559082,,False,2026-10-08,15.520000457763672,15.579999923706055,15.369999885559082,15.920000076293945,0.7142883093173964,0.6666681804351479,0.9343824347305978,False,False,False,5,,,
UMC,US,WATCH,0,,22.850000381469727,,False,2026-10-07,23.309999465942383,23.34000015258789,22.850000381469727,26.3700008392334,0.9387740802877373,0.8163261334132603,0.6629061739510439,False,False,False,5,,,
RKT,US,WATCH,0,,10.989999771118164,,False,2026-10-07,11.4399995803833,11.470000267028809,10.989999771118164,12.65999984741211,0.9374986340616351,0.7291647212392985,1.0227202638690298,False,False,False,5,,,
SOFI,US,WATCH,0,,15.451000213623047,,False,2026-10-07,15.65999984741211,15.6899995803833,15.451000213623047,16.25,0.8744777721470498,0.41840875626972696,0.7156874452735728,False,False,False,5,,,
ROKU,US,WATCH,0,,150.02999877929688,,False,2026-10-07,152.72500610351562,153.3300018310547,150.02999877929688,153.74400329589844,0.8166681308925459,0.8166681308925459,0.6769592213458634,False,False,False,5,,,
ICLR,US,WATCH,0,,157.3800048828125,,False,2026-10-07,164.0800018310547,165.22000122070312,157.3800048828125,177.6699981689453,0.8545918466646685,0.40178706972724904,0.7196132148502505,False,False,False,5,,,
GLBE,US,WATCH,0,,38.349998474121094,,False,2026-10-07,38.959999084472656,39.18000030517578,38.349998474121094,40.709999084472656,0.7349388730581855,0.5542145417777369,0.6385093480284845,False,False,False,5,,,
TTD,US,WATCH,0,,11.619999885559082,,False,2026-10-07,12.09000015258789,12.095000267028809,11.619999885559082,12.420000076293945,0.9894734517360874,0.43157844015146346,0.5630802252149314,False,False,False,5,,,
IEP,US,WATCH,0,,6.559999942779541,,False,2026-10-07,6.650000095367432,6.659999847412109,6.559999942779541,6.900000095367432,0.9000023841880648,0.4,0.9627423499182434,False,False,False,5,,,
RHI,US,WATCH,0,,33.310001373291016,,False,2026-10-07,33.95000076293945,34.11000061035156,33.310001373291016,38.790000915527344,0.8,0.5749994039529838,0.7664646049522243,False,False,False,5,,,
ABG,US,WATCH,0,,165.85000610351562,,False,2026-10-07,167.77000427246094,168.52999877929688,165.85000610351562,182.33999633789062,0.7164191851328885,0.4552255801771846,1.050068150840527,False,False,False,5,,,
OPEN,US,WATCH,0,,2.130000114440918,,False,2026-10-07,2.2699999809265137,2.299999952316284,2.130000114440918,2.5299999713897705,0.8235294117647058,0.35294117647058826,1.0870183358316143,False,False,False,5,,,
ARQT,US,WATCH,0,,23.510000228881836,,False,2026-10-07,24.170000076293945,24.3799991607666,23.510000228881836,27.389999389648438,0.7586214456404973,0.49425383114462984,0.49762216753952365,False,False,False,5,,,
NKTR,US,WATCH,0,,38.45000076293945,,False,2026-10-07,40.2599983215332,40.349998474121094,38.45000076293945,62.400001525878906,0.9526314415758332,0.547367554555256,0.7663381611131974,False,False,False,5,,,
BCRX,US,WATCH,0,,7.860000133514404,,False,2026-10-07,8.399999618530273,8.430000305175781,7.860000133514404,8.420000076293945,0.9473672322622905,0.8596484623679391,0.8772054535005914,False,False,False,5,,,
XRAY,US,WATCH,0,,8.380000114440918,,False,2026-10-07,8.539999961853027,8.550000190734863,8.380000114440918,9.119999885559082,0.941175150624376,0.470587575312188,0.8088484024942192,False,False,False,5,,,
GAB,US,WATCH,0,,5.130000114440918,,False,2026-10-08,5.199999809265137,5.199999809265137,5.130000114440918,5.28000020980835,1.0,0.42856948228882835,0.7104572248120931,False,False,False,5,,,
APPS,US,WATCH,0,,10.279999732971191,,False,2026-10-07,10.630000114440918,10.75,10.279999732971191,11.970000267028809,0.7446812396135795,0.7021270983359407,1.0090912042598785,False,False,False,5,,,
SPTX,US,WATCH,0,,17.06999969482422,,False,2026-10-07,17.93000030517578,18.290000915527344,17.06999969482422,20.75,0.7049178277509568,0.5327860394726968,0.7776841185101933,False,False,False,5,,,
OMER,US,WATCH,0,,18.020000457763672,,False,2026-10-07,18.75,18.84000015258789,18.020000457763672,19.399999618530273,0.890243675508704,0.7804873510174081,0.43284899275226363,False,False,False,5,,,
MMI,US,WATCH,0,,28.033300399780273,,False,2026-10-08,28.760000228881836,28.780000686645508,28.033300399780273,29.3700008392334,0.9732148786929801,0.642827585149916,1.0642600605019328,False,False,False,5,,,
VMET,US,WATCH,0,,8.260000228881836,,False,2026-10-07,8.510000228881836,8.539999961853027,8.260000228881836,9.1899995803833,0.8928579943528803,0.42857142857142855,0.8761411109391923,False,False,False,5,,,
FSCO,US,WATCH,0,,4.869999885559082,,False,2026-10-08,4.980000019073486,4.980000019073486,4.869999885559082,5.21999979019165,1.0,0.7272711509534564,0.9426086834338541,False,False,False,5,,,
LXRX,US,WATCH,0,,1.7100000381469727,,False,2026-10-07,1.7599999904632568,1.7699999809265137,1.7100000381469727,1.9500000476837158,0.8333333333333334,0.5,0.326301677038162,False,False,False,5,,,
BAC-PB,US,WATCH,0,,21.799999237060547,,False,2026-10-08,22.030000686645508,22.09950065612793,21.799999237060547,22.679899215698242,0.7679477790160802,0.4340582709759592,0.8553271889400922,False,False,False,5,,,
DUK-PA,US,WATCH,0,,21.1200008392334,,False,2026-10-08,21.670000076293945,21.780000686645508,21.1200008392334,22.179899215698242,0.8333323700257204,0.46969626910961476,1.0217469340550602,False,False,False,5,,,
KIM-PL,US,WATCH,0,,18.540000915527344,,False,2026-10-08,18.889999389648438,18.969999313354492,18.540000915527344,19.84000015258789,0.8139529725917416,0.3720940548165168,0.42780367588111284,False,False,False,5,,,
KIM-PM,US,WATCH,0,,18.6299991607666,,False,2026-10-08,18.969999313354492,19.010000228881836,18.6299991607666,19.770000457763672,0.8947347287055163,0.6578928876173267,0.47723575282229735,False,False,False,5,,,
