symbol,market_cap_hkd,market_cap_hkd_bn,name
0700.HK,3793625808896,3793.63,TENCENT
1398.HK,2657008746496,2657.01,ICBC
0005.HK,2557434920960,2557.43,HSBC HOLDINGS
0939.HK,2499591798784,2499.59,CCB
1288.HK,2260890550272,2260.89,ABC
3750.HK,2206272585728,2206.27,CATL
9988.HK,2077764616192,2077.76,BABA-W
3988.HK,1907497369600,1907.5,BANK OF CHINA
0857.HK,1741444612096,1741.44,PETROCHINA
0941.HK,1709759397888,1709.76,CHINA MOBILE
3968.HK,1276124200960,1276.12,CM BANK
3308.HK,1253955600384,1253.96,ZJ INNOLIGHT
0883.HK,1117904568320,1117.9,CNOOC
6288.HK,1061704499200,1061.7,FAST RETAIL-DRS
2318.HK,941597392896,941.6,PING AN
1088.HK,941321486336,941.32,CHINA SHENHUA
2899.HK,842928291840,842.93,ZIJIN MINING
2628.HK,777279373312,777.28,CHINA LIFE
3328.HK,726350364672,726.35,BANKCOMM
1299.HK,712977219584,712.98,AIA
0300.HK,695468490752,695.47,MIDEA GROUP
1211.HK,673760870400,673.76,BYD COMPANY
1658.HK,645510922240,645.51,PSBC
2359.HK,637329866752,637.33,WUXI APPTEC
1810.HK,624252485632,624.25,XIAOMI-W
9999.HK,596147634176,596.15,NTES
0945.HK,554521198592,554.52,MANULIFE-S
2388.HK,536039981056,536.04,BOC HONG KONG
0386.HK,525570801664,525.57,SINOPEC CORP
0981.HK,515881304064,515.88,SMIC
2888.HK,500451966976,500.45,STANCHART
0388.HK,475010695168,475.01,HKEX
0998.HK,463524200448,463.52,CITIC BANK
9633.HK,444685287424,444.69,NONGFU SPRING
3690.HK,433263214592,433.26,MEITUAN-W
0992.HK,425727885312,425.73,LENOVO GROUP
2475.HK,409847824384,409.85,LUXSHARE ICT
0728.HK,407206756352,407.21,CHINA TELECOM
2259.HK,382181244928,382.18,ZIJIN GOLD INTL
0267.HK,371482656768,371.48,CITIC
6030.HK,370920226816,370.92,CITIC SEC
0019.HK,367145517056,367.15,SWIRE PACIFIC A
6809.HK,353467793408,353.47,MONTAGE TECH
2328.HK,352770228224,352.77,PICC P&C
1276.HK,329603350528,329.6,HENGRUI PHARMA
3986.HK,320166199296,320.17,GIGADEVICE
3993.HK,319417057280,319.42,CMOC
6160.HK,312058806272,312.06,BEONE MEDICINES
0016.HK,307164708864,307.16,SHK PPT
2513.HK,305473945600,305.47,Z.AI
9618.HK,281085902848,281.09,JD-SW
2601.HK,267253104640,267.25,CPIC
0001.HK,257570488320,257.57,CKH HOLDINGS
1919.HK,254446714880,254.45,COSCO SHIP HOLD
2338.HK,251603222528,251.6,WEICHAI POWER
6869.HK,249567379456,249.57,YOFC
2611.HK,248068718592,248.07,GTHT
6951.HK,247792779264,247.79,CCTC
1347.HK,246473818112,246.47,HUA HONG GRACE
1339.HK,241020747776,241.02,PICC GROUP
0669.HK,234929160192,234.93,TECHTRONIC IND
2378.HK,233906061312,233.91,PRU
9888.HK,226585935872,226.59,BIDU-W
2269.HK,224545832960,224.55,WUXI BIO
2714.HK,212330790912,212.33,MUYUAN
1109.HK,209792237568,209.79,CHINA RES LAND
1378.HK,207778463744,207.78,CHINAHONGQIAO
3692.HK,206981578752,206.98,HANSOH PHARMA
2020.HK,205432553472,205.43,ANTA SPORTS
9992.HK,197262475264,197.26,POP MART
0066.HK,196506927104,196.51,MTR CORPORATION
2476.HK,191741329408,191.74,VGT
0002.HK,191378636800,191.38,CLP HOLDINGS
9961.HK,190422859776,190.42,TRIP.COM-S
6690.HK,186806009856,186.81,HAIER SMARTHOME
1801.HK,167846985728,167.85,INNOVENT BIO
0762.HK,165994151936,165.99,CHINA UNICOM
6818.HK,164257824768,164.26,CEB BANK
1038.HK,163522756608,163.52,CKI HOLDINGS
1113.HK,160639827968,160.64,CK ASSET
0175.HK,158983897088,158.98,GEELY AUTO
6031.HK,156131180544,156.13,SANY HEAVY IND
1888.HK,155681636352,155.68,KB LAMINATES
0788.HK,154883424256,154.88,CHINA TOWER
1816.HK,153516359680,153.52,CGN POWER
1766.HK,150669033472,150.67,CRRC
1988.HK,148422410240,148.42,MINSHENG BANK
6886.HK,148221116416,148.22,HTSC
3288.HK,147735658496,147.74,HAITIAN FLAV
6936.HK,145803018240,145.8,SF HOLDING
2423.HK,143024799744,143.02,BEKE-W
9973.HK,141149093888,141.15,CHERY AUTO
3606.HK,141056638976,141.06,FUYAO GLASS
0688.HK,139985059840,139.99,CHINA OVERSEAS
1972.HK,138409951232,138.41,SWIREPROPERTIES
2600.HK,136729862144,136.73,CHALCO
1336.HK,136386584576,136.39,NCI
1898.HK,134840606720,134.84,CHINA COAL
0027.HK,132691001344,132.69,GALAXY ENT
0003.HK,131458793472,131.46,HK & CHINA GAS
0625.HK,131108536320,131.11,SHEIN-W
1776.HK,130987909120,130.99,GF SEC
1308.HK,128611999744,128.61,SITC
1024.HK,127200763904,127.2,KUAISHOU-W
0006.HK,126481088512,126.48,POWER ASSETS
0012.HK,125779230720,125.78,HENDERSON LAND
6099.HK,122012270592,122.01,CMSC
2057.HK,114592661504,114.59,ZTO EXPRESS-W
0358.HK,113508270080,113.51,JIANGXI COPPER
1093.HK,113256136704,113.26,CSPC PHARMA
1171.HK,113115324416,113.12,YANKUANG ENERGY
6990.HK,112867123200,112.87,SKB BIO
6613.HK,112753909760,112.75,LENS
1377.HK,110506106880,110.51,DTECH
6618.HK,110485356544,110.49,JD HEALTH
1208.HK,109194592256,109.19,MMG
9987.HK,107406049280,107.41,YUM CHINA
1929.HK,107148353536,107.15,CHOW TAI FOOK
1138.HK,104773599232,104.77,COSCO SHIP ENGY
0763.HK,103611367424,103.61,ZTE
1179.HK,103326990336,103.33,HWORLD-S
2268.HK,102068953088,102.07,WUXI XDC
2050.HK,101665611776,101.67,SANHUA
1698.HK,100849868800,100.85,TME-SW
0836.HK,100642004992,100.64,CHINA RES POWER
3296.HK,100150820864,100.15,HUAQIN
1548.HK,99703308288,99.7,GENSCRIPT BIO
1177.HK,99379535872,99.38,SBP GROUP
9926.HK,98378096640,98.38,AKESO
3808.HK,98054791168,98.05,SINOTRUK
0083.HK,96340721664,96.34,SINO LAND
0902.HK,95526240256,95.53,HUANENG POWER
1880.HK,95287754752,95.29,CTG DUTY-FREE
0316.HK,94895644672,94.9,OOIL
0823.HK,94343086080,94.34,LINK REIT
1913.HK,93704126464,93.7,PRADA
6082.HK,93047717888,93.05,BIREN TECH
3908.HK,92876423168,92.88,CICC
1997.HK,91026096128,91.03,WHARF REIC
6823.HK,90735083520,90.74,HKT-SS
9976.HK,90368688128,90.37,LONGSYS
0501.HK,88234541056,88.23,OMNIVISION
1787.HK,87911358464,87.91,SD GOLD
0293.HK,87872299008,87.87,CATHAY PAC AIR
2099.HK,86021783552,86.02,CHINAGOLDINTL
6066.HK,85944180736,85.94,CSC
0288.HK,85064351744,85.06,WH GROUP
1209.HK,84863352832,84.86,CHINA RES MIXC
0100.HK,84794327040,84.79,MINIMAX-W
0914.HK,84311900160,84.31,CONCH CEMENT
2015.HK,83302875136,83.3,LI AUTO-W
1519.HK,81177051136,81.18,J&T EXPRESS-W
3228.HK,80005193728,80.01,"Shenzhen Kinwong Electronic Co., Ltd."
9903.HK,79944900608,79.94,ILUVATAR COREX
0390.HK,78377533440,78.38,CHINA RAILWAY
6881.HK,77251551232,77.25,CGS
0753.HK,77154492416,77.15,AIR CHINA
1876.HK,75078942720,75.08,BUD APAC
1768.HK,74979770368,74.98,BUSYMING
0522.HK,72554299392,72.55,ASMPT
0144.HK,71450116096,71.45,CHINA MER PORT
3757.HK,71326982144,71.33,"RoboTechnik Intelligent Technology Co., Ltd."
3618.HK,70640533504,70.64,CQRC BANK
9868.HK,69563490304,69.56,XPENG-W
9980.HK,69014732800,69.01,EASTROC
6656.HK,68677890048,68.68,SIGENERGY
0966.HK,68322291712,68.32,CHINA TAIPING
9866.HK,67916959744,67.92,NIO-SW
2319.HK,67916509184,67.92,MENGNIU DAIRY
2097.HK,67761958912,67.76,MIXUE GROUP
6693.HK,67236548608,67.24,CHIFENG GOLD
0668.HK,67195260928,67.2,ANKER
9901.HK,66817748992,66.82,NEW ORIENTAL-S
2382.HK,66652549120,66.65,SUNNY OPTICAL
0135.HK,65467740160,65.47,KUNLUN ENERGY
9927.HK,65045721088,65.05,SERES
0322.HK,64999063552,65.0,TINGYI
2016.HK,64404574208,64.4,CZBANK
9660.HK,64287625216,64.29,HORIZONROBOT-W
3698.HK,64240328704,64.24,HUISHANG BANK
0148.HK,63717203968,63.72,KINGBOARD HLDG
2723.HK,63158046720,63.16,DEEPZERO
1772.HK,62900830208,62.9,GANFENGLITHIUM
1072.HK,62492569600,62.49,DONGFANG ELEC
1818.HK,62204420096,62.2,ZHAOJIN MINING
1258.HK,61027844096,61.03,CHINFMINING
2333.HK,60766076928,60.77,GWMOTOR
6821.HK,60300652544,60.3,ASYMCHEM
0291.HK,59884236800,59.88,CHINA RES BEER
2618.HK,59305422848,59.31,JD LOGISTICS
6806.HK,58468270080,58.47,SWHY
1186.HK,58459922432,58.46,CHINA RAIL CONS
3939.HK,58168201216,58.17,WANGUO GOLD GP
6181.HK,57830801408,57.83,LAOPU GOLD
0270.HK,57761648640,57.76,GUANGDONG INV
3661.HK,57528741888,57.53,SG MICRO
2249.HK,57523425280,57.52,NEXCHIP
0004.HK,57361637376,57.36,WHARF HOLDINGS
6969.HK,57247629312,57.25,SMOORE INTL
3759.HK,56588333056,56.59,PHARMARON
3396.HK,56549539840,56.55,LEGENDHOLDING
1735.HK,56432640000,56.43,CENTRAL NEW EGY
1989.HK,55829041152,55.83,DELTON
0087.HK,55035551744,55.04,SWIRE PACIFIC B
0670.HK,54998466560,55.0,CHINA EAST AIR
2638.HK,54696079360,54.7,HKELECTRIC-SS
2688.HK,54058377216,54.06,ENN ENERGY
0168.HK,53612863488,53.61,TSINGTAO BR-500
1800.HK,53586567168,53.59,CHINA COMM CONS
0177.HK,53248991232,53.25,JIANGSU EXPRESS
1055.HK,52822626304,52.82,CHINA SOUTH AIR
1364.HK,52204187648,52.2,GUMING
2313.HK,51066363904,51.07,SHENZHOU INTL
1508.HK,50763374592,50.76,CHINA RE
0285.HK,50627284992,50.63,BYD ELECTRONIC
0020.HK,50448830464,50.45,SENSETIME-W
2076.HK,50347491328,50.35,BOSS ZHIPIN-W
6862.HK,49795321856,49.8,HAIDILAO
0023.HK,49596776448,49.6,BANK OF E ASIA
0991.HK,49227853824,49.23,DATANG POWER
1157.HK,49210163200,49.21,ZOOMLION
1071.HK,49117802496,49.12,HUADIAN POWER
9863.HK,49080971264,49.08,LEAPMOTOR
6198.HK,48877985792,48.88,QINGDAO PORT
2799.HK,48549240832,48.55,CITIC FAMC
2196.HK,48494997504,48.49,FOSUN PHARMA
9696.HK,48312758272,48.31,TIANQI LITHIUM
2588.HK,47157997568,47.16,BOC AVIATION
3958.HK,47156383744,47.16,DFZQ
9626.HK,46960041984,46.96,BILIBILI-W
9630.HK,46881636352,46.88,CFMEE
3998.HK,46221139968,46.22,BOSIDENG
9698.HK,46070820864,46.07,GDS-SW
1099.HK,45967261696,45.97,SINOPHARM
3200.HK,45966729216,45.97,HANS CNC
0470.HK,45873668096,45.87,WUXI LEAD
3223.HK,45830701056,45.83,INGENIC
3311.HK,45691170816,45.69,CHINA STATE CON
0241.HK,45533470720,45.53,ALI HEALTH
3996.HK,45124984832,45.12,CH ENERGY ENG
2018.HK,44541190144,44.54,AAC TECH
1688.HK,44418072576,44.42,LINGYI ITECH
2727.HK,44289343488,44.29,SH ELECTRIC
1070.HK,44240351232,44.24,TCL ELECTRONICS
1828.HK,43660472320,43.66,FWD
0916.HK,43429244928,43.43,CHINA LONGYUAN
9995.HK,43422171136,43.42,REMEGEN
0486.HK,42540441600,42.54,RUSAL
6166.HK,41538641920,41.54,CIG
3668.HK,41197711360,41.2,YANCOAL AUS
2607.HK,40198643712,40.2,SH PHARMA
0008.HK,39862239232,39.86,PCCW
2726.HK,39813459968,39.81,EPIWORLD
0659.HK,39739695104,39.74,CTF SERVICES
6963.HK,39622746112,39.62,SUNSHINE INS
3347.HK,39503876096,39.5,TIGERMED
2039.HK,39392358400,39.39,CIMC
1530.HK,39350366208,39.35,3SBIO
0656.HK,38602403840,38.6,FOSUN INTL
0960.HK,37700587520,37.7,LONGFOR GROUP
6880.HK,37638975488,37.64,MOMENTA-W
2208.HK,37305978880,37.31,GOLDWIND
3898.HK,37206466560,37.21,TIMES ELECTRIC
9880.HK,36999999488,37.0,UBTECH ROBOTICS
1456.HK,36671782912,36.67,GLMS SEC
1729.HK,36654800896,36.65,TIME INTERCON
0392.HK,36507258880,36.51,BEIJING ENT
1193.HK,36379463680,36.38,CHINA RES GAS
2577.HK,36041310208,36.04,INNOSCIENCE
2282.HK,35489001472,35.49,MGM CHINA
0868.HK,35220168704,35.22,XINYI GLASS
0576.HK,35141828608,35.14,ZHEJIANGEXPRESS
2883.HK,34975768576,34.98,CHINA OILFIELD
6088.HK,34478723072,34.48,FIT HON TENG
7618.HK,34270515200,34.27,JD INDUSTRIALS
2228.HK,34165053440,34.17,XTALPI
1359.HK,34157256704,34.16,CHINA CINDA
0101.HK,33689960448,33.69,HANG LUNG PPT
3888.HK,33611171840,33.61,KINGSOFT
3696.HK,33344092160,33.34,INSILICO
2380.HK,33337556992,33.34,CHINA POWER
2631.HK,33244831744,33.24,SICC
9856.HK,32456728576,32.46,LIGENT
2202.HK,32093607936,32.09,CHINA VANKE
0151.HK,32020893696,32.02,WANT WANT CHINA
0598.HK,31887325184,31.89,SINOTRANS
2696.HK,31839774720,31.84,HENLIUS
2331.HK,31741513728,31.74,LI NING
3277.HK,31601268736,31.6,GPIXEL
6178.HK,31514734592,31.51,EB SECURITIES
3969.HK,31451762688,31.45,CHINA CRSC
2245.HK,31180865536,31.18,LYGEND RESOURCE
2788.HK,30876000256,30.88,CHUANGXIN IND
6655.HK,30831505408,30.83,HX BLDG MAT
1133.HK,30614616064,30.61,HARBIN ELECTRIC
3317.HK,30341421056,30.34,XUNCE
1963.HK,30057691136,30.06,BCQ
0220.HK,29932982272,29.93,U-PRESID CHINA
2315.HK,29922013184,29.92,BIOCYTOGEN-B
3360.HK,29819455488,29.82,FE HORIZON
0921.HK,29636028416,29.64,HISENSE HA
2096.HK,29376055296,29.38,SIMCERE PHARMA
1908.HK,29278044160,29.28,C&D INTL GROUP
0384.HK,29093136384,29.09,CHINA GAS HOLD
3931.HK,28534061056,28.53,CALB
1882.HK,28201320448,28.2,HAITIAN INT'L
3866.HK,28170516480,28.17,BQD
0552.HK,27911856128,27.91,CHINACOMSERVICE
2676.HK,27795892224,27.8,NOVOSENSE
0257.HK,27704821760,27.7,EB ENVIRONMENT
1788.HK,27684489216,27.68,GUOTAI JUNAN I
9607.HK,27586473984,27.59,"Red Avenue New Materials Group Co., Ltd."
0631.HK,27321128960,27.32,SANY INT'L
1128.HK,27271839744,27.27,WYNN MACAU
1797.HK,27215857664,27.22,EAST BUY
3320.HK,26983383040,26.98,CHINARES PHARMA
3330.HK,26932955136,26.93,LINGBAO GOLD
1618.HK,26899105792,26.9,MCC
0425.HK,26778963968,26.78,MINTH GROUP
6979.HK,26363492352,26.36,ZJLD
1879.HK,26330464256,26.33,XIZHI TECH-P
2225.HK,26177058816,26.18,JINHAI MED TECH
0995.HK,26175627264,26.18,ANHUIEXPRESSWAY
0696.HK,25955477504,25.96,TRAVELSKY TECH
0867.HK,25718200320,25.72,CMS
0268.HK,25510205440,25.51,KINGDEE INT'L
0683.HK,25285582848,25.29,KERRY PPT
2689.HK,25032998912,25.03,ND PAPER
1585.HK,24974608384,24.97,YADEA
2367.HK,24886341632,24.89,GIANT BIOGENE
2357.HK,24715847680,24.72,AVICHINA
1199.HK,24441683968,24.44,COSCO SHIP PORT
1440.HK,24439537664,24.44,STAR SHINE HLDG
6887.HK,24193380352,24.19,SUNSHINE PHARMA
6186.HK,24088961024,24.09,CHINA FEIHE
9969.HK,24086966272,24.09,INNOCARE
2238.HK,23861133312,23.86,GAC GROUP
3323.HK,23804123136,23.8,CNBM
0780.HK,23613726720,23.61,TONGCHENGTRAVEL
1081.HK,23579133952,23.58,DAJIN
0053.HK,23362646016,23.36,GUOCO GROUP
0136.HK,23240052736,23.24,CHINA RUYI
2162.HK,23229173760,23.23,KEYMED BIO-B
2386.HK,22889164800,22.89,SINOPEC SEG
6127.HK,22795173888,22.8,JOINN
3800.HK,22625032192,22.63,GCL TECH
1044.HK,22430126080,22.43,HENGAN INT'L
6651.HK,22210904064,22.21,51WORLD
9688.HK,22060312576,22.06,ZAI LAB
2442.HK,22031998976,22.03,EASY SMART GP
7666.HK,21903564800,21.9,METIS TECHBIO-P
3774.HK,21783271424,21.78,FAMEGLOW
2526.HK,21775403008,21.78,DIAGENS-B
0622.HK,21698385920,21.7,OSHIDORI
2602.HK,21692860416,21.69,ONEWO
2419.HK,21676326912,21.68,DEKON AGR
2510.HK,21662054400,21.66,TS LINES
2579.HK,21620451328,21.62,CNGR
1860.HK,21615013888,21.62,MOBVISTA
9889.HK,21561147392,21.56,DRCB
1551.HK,21470586880,21.47,GRCB
1318.HK,21429983232,21.43,MAO GEPING
3896.HK,21330089984,21.33,KINGSOFT CLOUD
0874.HK,21249087488,21.25,BAIYUNSHAN PH
3858.HK,20927967232,20.93,JIAXIN INTL RES
1385.HK,20823623680,20.82,SHANGHAI FUDAN
9677.HK,20813641728,20.81,WEIHAI BANK
0317.HK,20637194240,20.64,COMEC
9896.HK,20609591296,20.61,MNSO
6680.HK,20453156864,20.45,JLMAG
2026.HK,20418840576,20.42,PONY-W
0142.HK,20394244096,20.39,FIRST PACIFIC
0772.HK,20262475776,20.26,CHINA LIT
2648.HK,20213972992,20.21,ANJOY FOOD
1196.HK,20192337920,20.19,REALORD TECH
2356.HK,20130371584,20.13,DAHSING BANKING
2343.HK,19969071104,19.97,PACIFIC BASIN
0564.HK,19835793408,19.84,ZCZL
0551.HK,19591428096,19.59,YUE YUEN IND
0013.HK,19554095104,19.55,HUTCHMED
1513.HK,19480684544,19.48,LIVZON PHARMA
2658.HK,19456532480,19.46,TIANYU SEMI
0666.HK,19396055040,19.4,REPT BATTERO
6810.HK,19374401536,19.37,SUNMI TECH-W
2525.HK,19284492288,19.28,HESAI-W
1415.HK,19162253312,19.16,COWELL
2518.HK,19072303104,19.07,AUTOHOME-S
0189.HK,19025172480,19.03,DONGYUE GROUP
2672.HK,18692184064,18.69,BAIGE DIGITAL
0699.HK,18674061312,18.67,JOYSON ELEC
1877.HK,18537541632,18.54,JUNSHI BIO
1606.HK,18521085952,18.52,CDB LEASING
2400.HK,18270406656,18.27,XD INC
2232.HK,18129684480,18.13,CRYSTAL INTL
9606.HK,17869639680,17.87,DUALITYBIO-B
2687.HK,17546676224,17.55,ABLE DIGI-50
2460.HK,17535057920,17.54,CR BEVERAGE
1392.HK,17512595456,17.51,HQVT
0817.HK,17431080960,17.43,CHINA JINMAO
1651.HK,17354348544,17.35,TSUGAMI CHINA
9858.HK,17268770816,17.27,YOURAN DAIRY
2276.HK,17224200192,17.22,CONANT OPTICAL
6098.HK,17147803648,17.15,CG SERVICES
9899.HK,17138317312,17.14,NETEASE MUSIC
0968.HK,17124456448,17.12,XINYI SOLAR
1910.HK,16965614592,16.97,SAMSONITE
0290.HK,16846798848,16.85,GOFINTECH QUANT
0512.HK,16808686592,16.81,GRAND PHARMA
9900.HK,16561439744,16.56,ZCLOUD TECH CON
0010.HK,16530046976,16.53,HANG LUNG GROUP
1357.HK,16509008896,16.51,MEITU
2698.HK,16451597312,16.45,SOFTCARE
2768.HK,16442355712,16.44,GON TECHNOLOGY
1396.HK,16232974336,16.23,GBA AI COMP-500
2590.HK,16232835072,16.23,GEEKPLUS-W
0548.HK,16051938304,16.05,SHENZHENEXPRESS
0179.HK,16004506624,16.0,JOHNSON ELEC H
0525.HK,15973376000,15.97,GUANGSHEN RAIL
6060.HK,15972025344,15.97,ZA ONLINE
0014.HK,15918626816,15.92,HYSAN DEV
3900.HK,15834397696,15.83,GREENTOWN CHINA
1164.HK,15809419264,15.81,CGN MINING
9985.HK,15797196800,15.8,WL DELICIOUS
1277.HK,15694102528,15.69,KINETIC DEV
0325.HK,15692472320,15.69,BLOKS
2706.HK,15691887616,15.69,HAIZHI TECH GP
6055.HK,15604300800,15.6,CTIHK
0371.HK,15242499072,15.24,BJ ENT WATER
2507.HK,15210496000,15.21,CIRRUS
2880.HK,15203789824,15.2,LIAONING PORT
3231.HK,15155811328,15.16,EXCELLAND ROBOT
6049.HK,15150267392,15.15,POLY PPT SER
0326.HK,15034930176,15.03,CHINA STAR ENT
0107.HK,15030365184,15.03,SICHUAN EXPRESS
3933.HK,15023357952,15.02,UNITED LAB
3355.HK,14939600896,14.94,FS.COM
3877.HK,14798077952,14.8,CSSC SHIPPING
2285.HK,14713160704,14.71,CHERVON
0956.HK,14673215488,14.67,CHINA SUNTIEN
2610.HK,14667087872,14.67,NANSHAN AL INTL
0017.HK,14646612992,14.65,NEW WORLD DEV
6699.HK,14515260416,14.52,ANGELALIGN
3899.HK,14476218368,14.48,CIMC ENRIC
1066.HK,14456508416,14.46,WEIGAO GROUP
6682.HK,14438410240,14.44,PHANCY
2556.HK,14336470016,14.34,MARKETINGFORCE
0440.HK,14232435712,14.23,DAH SING
2314.HK,14130549760,14.13,LEE & MAN PAPER
0363.HK,14046774272,14.05,SHANGHAI IND H
1626.HK,13943999488,13.94,JIA YAO HLDGS
8279.HK,13929538560,13.93,AGTECH HOLDINGS
0639.HK,13898609664,13.9,SHOUGANG RES
3752.HK,13882219520,13.88,ROKAE ROBOTICS
9668.HK,13765550080,13.77,CBHB
0069.HK,13710888960,13.71,SHANGRI-LA ASIA
3369.HK,13689159680,13.69,QHD PORT
1304.HK,13687064576,13.69,FORTIOR
3918.HK,13667040256,13.67,NAGACORP
2715.HK,13648504832,13.65,ESTUN
2630.HK,13608940544,13.61,VIGONVITA-B
0123.HK,13464939520,13.46,YUEXIU PROPERTY
2675.HK,13427031040,13.43,EDGE MEDICAL-B
1579.HK,13416925184,13.42,YIHAI INTL
6658.HK,13397905408,13.4,LIULIUMEI
0579.HK,13397325824,13.4,JNCEC
3928.HK,13392000000,13.39,CHINA NEXT-GEN
2580.HK,13380882432,13.38,AUX ELECTRIC
3339.HK,13375312896,13.38,LONKING
6199.HK,13348062208,13.35,BANK OF GUIZHOU
1286.HK,13270751232,13.27,IMPRO PRECISION
1783.HK,13186863104,13.19,ENVISION GREEN
0303.HK,13171307520,13.17,VTECH HOLDINGS
6993.HK,13163579392,13.16,BLUE MOON GROUP
0800.HK,13145085952,13.15,WERIDE-W
0586.HK,13126701056,13.13,CONCH VENTURE
1866.HK,13107224576,13.11,CHINA XLX FERT
1833.HK,13100015616,13.1,PA GOODDOCTOR
3393.HK,13082872832,13.08,WASION HOLDINGS
9911.HK,13078744064,13.08,NEWBORNTOWN
1686.HK,13032134656,13.03,SUNEVISION
9636.HK,12956156928,12.96,JF SMARTINVEST
3388.HK,12902062080,12.9,CREALITY
2637.HK,12829285376,12.83,HAIXI PHARMA
0340.HK,12805758976,12.81,TONGGUAN GOLD
2869.HK,12742055936,12.74,GREENTOWN SER
1060.HK,12730492928,12.73,DAMAI ENT
0600.HK,12578074624,12.58,AXERA
6666.HK,12540540928,12.54,EVERG SERVICES
6865.HK,12467880960,12.47,FLAT GLASS
0856.HK,12446304256,12.45,VSTECS
1578.HK,12444631040,12.44,BANK OF TIANJIN
2778.HK,12440721408,12.44,CHAMPION REIT
1918.HK,12430734336,12.43,SUNAC
0590.HK,12423201792,12.42,LUK FOOK HOLD
0152.HK,12390137856,12.39,SHENZHEN INT'L
0805.HK,12364800000,12.36,NEW GONOW RV
1112.HK,12356043776,12.36,H&H INTL HLDG
2299.HK,12345300992,12.35,BILLION IND
0901.HK,12320955392,12.32,SDMC
0068.HK,12307801088,12.31,MANYCORE TECH
1681.HK,12265928704,12.27,CONSUN PHARMA
2595.HK,12232337408,12.23,GENFLEET-B
9898.HK,12205014016,12.21,WB-SW
9971.HK,12160997376,12.16,BASICSEMI
2596.HK,12159260672,12.16,YIBIN BANK
1033.HK,12132508672,12.13,SINOPEC SSC
3306.HK,12076244992,12.08,JNBY
1956.HK,11957602304,11.96,WENGE AI
0323.HK,11936055296,11.94,MAANSHAN IRON
1191.HK,11746731008,11.75,CREALIGHTS
2038.HK,11661281280,11.66,FIH
0338.HK,11438740480,11.44,SHANGHAI PECHEM
1428.HK,11363398656,11.36,BRIGHT SMART
9981.HK,11339087872,11.34,WOER
1117.HK,11332539392,11.33,CH MODERN D
1316.HK,11319308288,11.32,NEXTEER
2866.HK,11314246656,11.31,COSCO SHIP DEV
6616.HK,11298398208,11.3,GLOBAL NEW MAT
2142.HK,11096081408,11.1,HBM HOLDINGS-B
0081.HK,11051858944,11.05,CH OVS G OCEANS
1083.HK,11003452416,11.0,TG SMART ENERGY
1216.HK,10964947968,10.96,ZYBANK
3310.HK,10962406400,10.96,VIEWTRIX TECH
0565.HK,10916548608,10.92,ART GROUP HOLD
6802.HK,10912821248,10.91,"Shenzhen Camsense Technologies Co., Ltd."
6855.HK,10907829248,10.91,ASCENTAGE
0546.HK,10902962176,10.9,FUFENG GROUP
3677.HK,10843516928,10.84,ZENERGY
0336.HK,10728064000,10.73,HUABAO INTL
2669.HK,10656451584,10.66,CHINA OVS PPT
1999.HK,10570865664,10.57,MAN WAH HLDGS
9611.HK,10527605760,10.53,LONGCHEER
0636.HK,10483090432,10.48,KLN
0347.HK,10446682112,10.45,ANGANG STEEL
0999.HK,10438640640,10.44,XIAOCAIYUAN
1030.HK,10427880448,10.43,SEAZEN
6067.HK,10415594496,10.42,SENIOR MATERIAL
0165.HK,10389588992,10.39,CHINA EB LTD
0041.HK,10346375168,10.35,GREAT EAGLE H
2797.HK,10289999872,10.29,QIYUNSHAN FOOD
2589.HK,10198652928,10.2,AUNTEA JENNY
6600.HK,10141024256,10.14,ONEROBOTICS
1952.HK,10126880768,10.13,EVEREST MED
1836.HK,10119557120,10.12,STELLA HOLDINGS
7687.HK,10092935168,10.09,EACON
2692.HK,10058081280,10.06,ZHAOWEI
0697.HK,10038990848,10.04,SHOUCHENG
0467.HK,10032444416,10.03,UNITEDENERGY GP
2025.HK,9976000512,9.98,RUIFENG POWER
2546.HK,9912210432,9.91,ZHIHUI MINING
1905.HK,9882359808,9.88,HAITONG UT
9887.HK,9843885056,9.84,LEADS BIOLABS-B
2233.HK,9832558592,9.83,WESTCHINACEMENT
0517.HK,9785359360,9.79,COSCO SHIP INTL
2128.HK,9765469184,9.77,CHINA LESSO
6808.HK,9683611648,9.68,SUNART RETAIL
0038.HK,9629639680,9.63,FIRST TRACTOR
2261.HK,9579247616,9.58,NASN TECH
0354.HK,9491102720,9.49,CHINASOFT INT'L
1361.HK,9472770048,9.47,361 DEGREES
1368.HK,9470031872,9.47,XTEP INT'L
2493.HK,9327726592,9.33,MABWELL-B
1501.HK,9297710080,9.3,INT MEDICAL
0880.HK,9267856384,9.27,SJM HOLDINGS
6623.HK,9221570560,9.22,LUFAX
6938.HK,9208351744,9.21,RIBOLIFE-B
2432.HK,9177469952,9.18,DOBOT
6675.HK,9165543424,9.17,SENASIC
0934.HK,9161498624,9.16,SINOPEC KANTONS
1114.HK,9131937792,9.13,BRILLIANCE CHI
0045.HK,9084822528,9.08,HK&S HOTELS
6731.HK,9054908416,9.05,Direct Drive Tech Limited
0863.HK,9045212160,9.05,OSL GROUP
2616.HK,9014706176,9.01,CSTONE PHARMA-B
2155.HK,8956513280,8.96,MORIMATSU INTL
9615.HK,8932116480,8.93,MECH-MIND ROBOT
2666.HK,8872572928,8.87,UNI MEDICAL
9637.HK,8848484352,8.85,ALEBUND-B
1883.HK,8808122368,8.81,CITIC TELECOM
0778.HK,8783577088,8.78,FORTUNE REIT
0975.HK,8755411968,8.76,MONGOL MINING
2729.HK,8745944064,8.75,GALAXIS TECH
0116.HK,8718821376,8.72,CHOW SANG SANG
2889.HK,8685357056,8.69,PATEO
3881.HK,8661525504,8.66,CIDI
9690.HK,8618006528,8.62,TUHU-W
2007.HK,8606324736,8.61,COUNTRY GARDEN
1330.HK,8562047488,8.56,DYNAGREEN ENV
6185.HK,8557597184,8.56,CANSINOBIO
1811.HK,8532676608,8.53,CGN NEW ENERGY
1672.HK,8519450112,8.52,ASCLETIS-B
3983.HK,8505449984,8.51,CHINA BLUECHEM
0297.HK,8429347328,8.43,SINOFERT
3738.HK,8297536000,8.3,VOBILE GROUP
1511.HK,8286736384,8.29,UISEE TECH
1310.HK,8208015360,8.21,HKBN
9879.HK,8207728128,8.21,MIGAO GROUP
2145.HK,8175240192,8.18,CHICMAX
1333.HK,8157619200,8.16,BRETON
1053.HK,8119892480,8.12,CHONGQING IRON
0667.HK,8096738816,8.1,CHINA EAST EDU
0990.HK,8048464896,8.05,DEEP SOURCE
1523.HK,8048005120,8.05,PLOVER BAY TECH
2005.HK,8028954624,8.03,SSY GROUP
9966.HK,8027419648,8.03,ALPHAMAB-B
6636.HK,8016949760,8.02,EXTREME VISION
0826.HK,8011500032,8.01,TIANGONG INT'L
2657.HK,7999993856,8.0,FOREST CABIN
2391.HK,7982701056,7.98,TUYA-W
1236.HK,7966668288,7.97,LDROBOT
2586.HK,7810246656,7.81,DMALL
1566.HK,7790354944,7.79,CA CULTURAL
1384.HK,7786554880,7.79,DEEPEXI TECH
1779.HK,7761956864,7.76,LONGBIO-B
7688.HK,7740430848,7.74,TOPNC
0086.HK,7737037312,7.74,SUN HUNG KAI CO
2506.HK,7693899776,7.69,XUNFEIHEALTH
9699.HK,7637385216,7.64,SF INTRA-CITY
6190.HK,7616707072,7.62,BANKOFJIUJIANG
0376.HK,7602475520,7.6,YUNFENG FIN
6196.HK,7591895552,7.59,BANKOFZHENGZHOU
3788.HK,7566184448,7.57,HANKING GOLD
2585.HK,7479829504,7.48,MOKINGRAN
2655.HK,7470578176,7.47,GUOXIA TECH
2498.HK,7412935168,7.41,ROBOSENSE
2186.HK,7309964288,7.31,LUYE PHARMA
2157.HK,7298959360,7.3,LEPU BIO
1798.HK,7273700864,7.27,DATANG RENEW
8137.HK,7251825664,7.25,HONBRIDGE
3600.HK,7240158720,7.24,MODERN DENTAL
2632.HK,7150755840,7.15,NEW VISION CO
2465.HK,7143740416,7.14,LOPAL TECH
2339.HK,7126829568,7.13,BWI INT'L
3633.HK,7123107840,7.12,ZHONGYU ENERGY
1375.HK,7103613440,7.1,CC SECURITIES
2171.HK,7094408192,7.09,CARSGEN-B
2190.HK,7075282944,7.08,ZYLOXTB
1907.HK,7049509888,7.05,CHINA RISUN GP
6871.HK,7035077632,7.04,ROBOTPHOENIX
0108.HK,6991492096,6.99,SR MEDICAL
2218.HK,6964341248,6.96,ANDRE JUICE
0373.HK,6939527168,6.94,ALLIED GROUP
1475.HK,6888314368,6.89,NISSIN FOODS
2858.HK,6860756992,6.86,YIXIN
7489.HK,6844800000,6.84,VOYAH AUTO
0071.HK,6840500736,6.84,MIRAMAR HOTEL
0400.HK,6808166400,6.81,INGDAN
0855.HK,6807791104,6.81,CHINA WATER
2643.HK,6799864320,6.8,CAOCAO INC
0345.HK,6769845760,6.77,VITASOY INT'L
6745.HK,6745094144,6.75,BEFAR GROUP
6715.HK,6674686976,6.67,XUNLONG SCITECH
1187.HK,6633423360,6.63,COFOE MEDICAL
3868.HK,6609172480,6.61,XINYI ENERGY
0694.HK,6594017792,6.59,BEIJING AIRPORT
2533.HK,6578062336,6.58,BLACK SESAME
0460.HK,6563511808,6.56,SIHUAN PHARM
2009.HK,6513440768,6.51,BBMG
3380.HK,6489453056,6.49,LOGAN GROUP
1313.HK,6424302592,6.42,CR BLDG MAT TEC
6069.HK,6411960320,6.41,SY HOLDINGS
0308.HK,6367128576,6.37,CHINA TRAVEL HK
6110.HK,6356252672,6.36,TOPSPORTS
0737.HK,6313552896,6.31,BAY AREA DEV
2558.HK,6305742336,6.31,JINSHANG BANK
3660.HK,6273674240,6.27,QFIN-S
2256.HK,6271627264,6.27,ABBISKO-B
1635.HK,6200112640,6.2,DZUG
0570.HK,6194036224,6.19,TRAD CHI MED
0613.HK,6144788992,6.14,PLANETREE INT'L
1691.HK,6132619264,6.13,JS GLOBAL LIFE
0638.HK,6119350272,6.12,FIBOCOM
0881.HK,6118679552,6.12,ZHONGSHENG HLDG
3887.HK,6117938176,6.12,HASHKEY HLDGS
0200.HK,6108140032,6.11,MELCO INT'L DEV
2691.HK,6104289792,6.1,NANHUA FUTURES
1757.HK,6102000128,6.1,GLOBAL CHI BC
0034.HK,6073858560,6.07,KOWLOON DEV
1478.HK,6046147072,6.05,Q TECH
2555.HK,6040581632,6.04,CHABAIDAO
0173.HK,5990184448,5.99,K. WAH INT'L
0751.HK,5976142848,5.98,SKYWORTH GROUP
2718.HK,5870076416,5.87,MININGLAMP-W
6872.HK,5866072576,5.87,TENNOR THERAP-B
2722.HK,5803308544,5.8,CHONGQING M&E
1302.HK,5765005312,5.77,LIFETECH SCI
3316.HK,5705040384,5.71,BINJIANG SER
2272.HK,5693202944,5.69,KEYTOP PARKING
2418.HK,5693093376,5.69,DEEWIN
6078.HK,5662858752,5.66,HYGEIA HEALTH
1983.HK,5652923904,5.65,LUZHOU BANK
1065.HK,5614244352,5.61,TIANJIN CAPITAL
9989.HK,5612408320,5.61,HEPALINK
1958.HK,5610736640,5.61,BAIC MOTOR
0604.HK,5606239744,5.61,SHENZHEN INVEST
2436.HK,5570427904,5.57,LX TECHNOLOGY
2273.HK,5526614016,5.53,GUSHENGTANG
2877.HK,5525751296,5.53,SHINEWAY PHARM
2603.HK,5462947328,5.46,JIHONG CO
3625.HK,5432000000,5.43,FOURSEMI
1052.HK,5421045760,5.42,YUEXIUTRANSPORT
1951.HK,5417665536,5.42,JXR
2451.HK,5395756032,5.4,LUYUAN GP HLDG
0315.HK,5339614720,5.34,SMARTONE TELE
6687.HK,5331521536,5.33,JST GROUP
0215.HK,5325101056,5.33,HUTCHTEL HK
0839.HK,5320594432,5.32,CHINA EDU GROUP
3268.HK,5291693568,5.29,MEIG
2701.HK,5265653760,5.27,NSING TECH
6168.HK,5223016960,5.22,ZHOU LIU FU
9658.HK,5212922880,5.21,SUPER HI
0537.HK,5208877056,5.21,RIGOL
9893.HK,5160151552,5.16,PIZU GROUP
1799.HK,5140850176,5.14,XINTE ENERGY
9936.HK,5133931008,5.13,XIMEI RESOURCES
0775.HK,5093868032,5.09,CKLIFE SCIENCES
2068.HK,5079321600,5.08,CHALIECO
9890.HK,5059400192,5.06,TANWAN
1184.HK,5019216384,5.02,S.A.S. DRAGON
0866.HK,5018360832,5.02,CHINA QINFA
