market,symbol,state,date,setup_close,breakout_level,distance_to_breakout_pct,ema20,ema50,sma200,pct_above_ema20,rs_pct,pct_below_52w_high,volume_contracting,range_contracting,score,grade,compression_score,compression_setup,fast_quality,setup_date,bars_to_breakout,breakout_close,breakout_volume_ratio,breakout_volume_expansion_1_2x,breakout_volume_expansion_1_5x,breakout_close_position,breakout_body_fraction,breakout_bullish_bar
US,VLO,DIRECT_BREAKOUT,2026-10-07,419.2200012207031,421.9800109863281,0.6540617313066097,392.361536157082,362.95124575184434,261.4690496826172,6.8453358926773955,43.99057926855106,0.8912714486654773,True,False,8,B,8,False,False,2026-10-06,1.0,424.1000061035156,0.4671249374853282,False,False,0.3690343056955645,0.11096978956653226,True
US,PBR-A,DIRECT_BREAKOUT,2026-10-07,19.600000381469727,19.700000762939453,0.5076161299336185,18.70311324885318,17.753614955058847,15.708363618850708,4.7953895198252106,35.080249763521664,0.5076161299336185,False,False,8,A,7,False,False,2026-10-02,3.0,21.65999984741211,1.1734404047280507,False,False,0.5,0.043479342543910574,True
US,GMAB,DIRECT_BREAKOUT,2026-10-07,34.75,35.904998779296875,3.216818879166366,34.44248495161943,32.82423940982358,29.625950031280517,0.8928364164563884,21.364617410245668,3.216818879166366,False,True,8,A,7,False,False,2026-10-02,3.0,36.650001525878906,1.1750227894257064,False,False,0.23750089407052427,0.39374865889421357,False
US,TAL,DIRECT_BREAKOUT,2026-10-07,12.3100004196167,12.579999923706055,2.1462599819302217,11.950117730017647,11.66008456274604,11.068099994659423,3.011540954906744,19.58601183101143,7.928193530407482,True,False,8,A,6,False,False,2026-10-05,2.0,12.760000228881836,0.4393998059680065,False,False,0.9062507450587702,0.8750029802350809,True
US,PANW,DIRECT_BREAKOUT,2026-10-07,403.239990234375,404.69000244140625,0.35830195910045803,378.2931939171514,359.1513822647542,250.34009986877442,6.594566520984535,10.086722499610223,1.5286959134615383,True,True,8,B,9,False,False,2026-10-02,3.0,405.57000732421875,0.6297557741240551,False,False,0.07852985342895677,0.6549703874992671,False
US,FFIV,DIRECT_BREAKOUT,2026-10-07,458.5299987792969,462.0,0.7510825153037067,435.17853130232425,418.24945277235133,346.07509986877443,5.365951166545502,6.045837494201778,0.7510825153037067,True,True,8,A,8,False,False,2026-10-05,2.0,466.6499938964844,0.8027145778048462,False,False,0.2265174506828528,0.26519558253245656,False
US,PBF,DIRECT_BREAKOUT,2026-10-07,80.77999877929688,82.61000061035156,2.2152303807456657,75.23909524550315,70.27575893069938,47.93485535621643,7.364394156673337,61.89750698325711,3.095011770830416,True,False,7,B,6,False,False,2026-10-02,3.0,83.68000030517578,0.5584535058402126,False,False,0.2736839287387399,0.08420982184684986,False
US,MPC,DIRECT_BREAKOUT,2026-10-07,432.3599853515625,437.6700134277344,1.213249231900745,403.1763437003758,372.8000241430986,263.1614324951172,7.238431050626026,49.68271210355222,1.213249231900745,True,False,7,B,7,False,False,2026-10-06,1.0,442.260009765625,0.6379211443388187,False,False,0.7267284146728904,0.6686716439795694,True
US,ZETA,DIRECT_BREAKOUT,2026-10-07,32.630001068115234,32.810001373291016,0.5486141348421598,30.420571591942622,28.39436265127072,21.265699996948243,7.262945304939028,46.843495566672374,0.5486141348421598,False,False,7,B,7,False,False,2026-10-02,3.0,33.7400016784668,1.2185352543932155,True,False,0.9295786377251541,0.40845142312186866,True
US,PBR,DIRECT_BREAKOUT,2026-10-07,21.649999618530273,21.989999771118164,1.546158054237224,20.640888328660964,19.68483281141427,17.33200501918793,4.888894672561661,34.35590911609605,1.546158054237224,False,False,7,B,6,False,False,2026-10-02,3.0,23.989999771118164,1.2550289335049842,True,False,0.6031740745562381,0.2698417504034199,True
US,XP,DIRECT_BREAKOUT,2026-10-07,21.5,21.56999969482422,0.3245233927426312,20.17150271824625,18.913505678571386,18.07193877696991,6.586010473835713,28.39934774710948,5.843069818411611,False,True,7,B,7,False,False,2026-10-02,3.0,29.530000686645508,1.2701231624066607,True,False,0.18934908571338283,0.10650914286617173,True
US,UTZ,FAST_PRE_ENTRY,2026-10-07,14.289999961853027,14.289999961853027,0.0,14.207570590451846,13.47431630443303,9.919636490345,0.5801792141478357,82.51700441481967,0.06993166956959346,False,True,10,A,10,True,True,,,,,,,,,
US,LILA,FAST_PRE_ENTRY,2026-10-07,8.90999984741211,8.984999656677246,0.8347224499825133,8.620459036761554,8.337735746391026,6.394433460235596,3.358763256293207,18.23749097369869,1.3289024264411335,True,False,10,A,9,True,True,,,,,,,,,
US,JOYY,FAST_PRE_ENTRY,2026-10-07,81.33000183105469,81.3499984741211,0.024580999928067046,78.34673790289006,75.0986384010224,64.21741250991822,3.807770442034686,11.908059066012179,0.4528704173904631,True,True,10,A,10,True,True,,,,,,,,,
US,SAFT,FAST_PRE_ENTRY,2026-10-07,103.87999725341797,104.01000213623047,0.12499267391824671,103.4471330426118,99.64890012809938,81.02771614074707,0.4184400263928634,34.384013593319885,0.12499267391824671,False,False,9,A,9,True,True,,,,,,,,,
US,LILAK,FAST_PRE_ENTRY,2026-10-07,8.850000381469727,8.920000076293945,0.784749935263476,8.573098593594494,8.287726324376091,6.41708913564682,3.22989155965292,18.08282270736099,1.6120011777003271,False,False,9,A,8,True,True,,,,,,,,,
US,DV,FAST_PRE_ENTRY,2026-10-07,13.5,13.649999618530273,1.09889833496145,13.410629389064326,12.980196247911078,11.122699999809265,0.6664162310573651,11.439185767451443,1.09889833496145,True,True,9,A,10,True,True,,,,,,,,,
US,MSFT,FAST_PRE_ENTRY,2026-10-07,529.760009765625,535.6900024414062,1.106982144291534,509.78248788164063,488.1810941980509,432.2397605895996,3.9188325136470192,34.438256994853475,3.5399235888048755,False,False,8,A,7,True,True,,,,,,,,,
US,DAC,FAST_PRE_ENTRY,2026-10-07,164.47999572753906,167.77000427246094,1.9610231037360248,158.6793949733914,151.51330140100714,124.07096096038818,3.6555475618749167,26.442173533563597,2.1825740720541553,False,False,8,A,7,True,True,,,,,,,,,
US,SHEL,FAST_PRE_ENTRY,2026-10-06,97.62000274658203,99.15499877929688,1.5480773048381542,95.33736313636129,92.74058106522851,84.358883934021,2.3942760058885515,14.962387445758175,1.5480773048381542,False,True,8,A,8,True,True,,,,,,,,,
US,CON,FAST_PRE_ENTRY,2026-10-07,36.400001525878906,36.83000183105469,1.167527243545259,35.30222303562238,34.08748271428834,26.7965420627594,3.1096582477222245,12.483665927026921,1.167527243545259,True,False,8,A,8,True,True,,,,,,,,,
US,HGTY,COMPRESSION_PRE_ENTRY,2026-10-07,13.930000305175781,14.170000076293945,1.6937175005360632,13.611707644901864,13.189071313142184,11.864499988555908,2.33837420386509,9.786154246096368,1.6937175005360632,True,True,8,A,8,True,False,,,,,,,,,
US,BTX,COMPRESSION_PRE_ENTRY,2026-10-07,9.399999618530273,9.489999771118164,0.9483683325451366,9.056451152060834,8.834191399470898,7.660876471996307,3.7934115770200227,7.404763488330723,0.9483683325451366,False,True,8,A,8,True,False,,,,,,,,,
US,LXP,COMPRESSION_PRE_ENTRY,2026-10-07,60.959999084472656,61.189998626708984,0.3758776718388992,60.87334536515989,60.05976592121064,52.8748511505127,0.14235084139528897,7.065245785727892,1.0550260013626662,False,True,8,A,9,True,False,,,,,,,,,
US,CHT,COMPRESSION_PRE_ENTRY,2026-10-07,45.779998779296875,46.40999984741211,1.3574683692880127,45.49287310991333,44.48608933757338,42.1846125793457,0.6311442864684214,6.636346637243884,1.3574683692880127,True,True,8,A,9,True,False,,,,,,,,,
US,ACVA,PRE_ENTRY,2026-10-07,10.4399995803833,10.5,0.5714325677780877,9.969486693865212,8.92505249535065,6.92994998216629,4.719529710668269,47.216711505549156,0.5714325677780877,True,True,10,A,9,False,False,,,,,,,,,
US,PLTR,PRE_ENTRY,2026-10-07,194.1199951171875,194.77999877929688,0.3388457060507625,185.06124340828288,173.37529691849053,152.22882465362548,4.895002077187582,46.783645214174264,6.457213222528684,True,True,9,A,8,False,False,,,,,,,,,
US,ZBRA,PRE_ENTRY,2026-10-07,386.04998779296875,390.79998779296875,1.2154555139127519,367.99222234613916,347.7660129850034,269.07509941101074,4.907105191436401,37.94145024095818,1.2154555139127519,True,True,9,A,8,False,False,,,,,,,,,
US,NSIT,PRE_ENTRY,2026-10-07,160.1300048828125,168.5,4.967356152633531,157.88637085197576,149.67001213922893,105.77934989929199,1.4210435129579535,31.972607242360574,4.967356152633531,True,True,9,A,8,False,False,,,,,,,,,
US,TMO,PRE_ENTRY,2026-10-07,662.0599975585938,694.3300170898438,4.647648630618598,654.0565166310337,621.9229900963396,543.2692861938476,1.2236680965713953,22.622733290780396,4.647648630618598,True,True,9,A,8,False,False,,,,,,,,,
US,CRVL,PRE_ENTRY,2026-10-07,76.48999786376953,76.9000015258789,0.5331646995759783,73.32659062992586,69.74759837150772,61.468400135040284,4.3141338042145705,18.207238192456398,3.701375336913696,False,True,9,A,8,False,False,,,,,,,,,
US,CNXN,PRE_ENTRY,2026-10-07,91.9800033569336,93.88999938964844,2.0342912398883506,88.78416256744755,84.54004182110448,69.50594482421874,3.5995617879013286,17.082671384664305,2.0342912398883506,False,True,9,A,7,False,False,,,,,,,,,
US,BWIN,PRE_ENTRY,2026-10-07,31.809999465942383,32.70500183105469,2.7365916985287084,31.552283788445354,30.253676149896346,24.511050081253053,0.816789298755638,16.61431200503054,2.7365916985287084,True,True,9,A,9,False,False,,,,,,,,,
US,TEAM,PRE_ENTRY,2026-10-07,195.7899932861328,200.0,2.1050033569335938,186.9561330084362,168.08841061015198,112.85657493591309,4.725097880205942,112.19135529493434,2.1050033569335938,True,False,8,A,6,False,False,,,,,,,,,
US,GCT,PRE_ENTRY,2026-10-07,55.959999084472656,56.27000045776367,0.5509176661971116,52.995014491677104,50.02930875586651,42.425575008392336,5.594836837456096,57.01574858365341,1.2964117017512955,False,False,8,A,7,False,False,,,,,,,,,
US,DINO,PRE_ENTRY,2026-10-07,115.62999725341797,118.38999938964844,2.3312797959789435,109.49867780875509,101.59071018209309,71.52078351974487,5.59944610050136,46.43578236820747,2.3312797959789435,True,False,8,A,6,False,False,,,,,,,,,
US,VEEV,PRE_ENTRY,2026-10-07,282.5,296.239990234375,4.638128101308803,273.85450674165105,254.68899132698584,202.2086503601074,3.156965850667892,45.26901594161106,9.017713365539452,True,True,8,A,6,False,False,,,,,,,,,
US,PSX,PRE_ENTRY,2026-10-07,271.6199951171875,277.1199951171875,1.9846998040232284,260.2986432985056,244.36963203545923,184.55362976074218,4.349370275318254,40.20259672532514,1.9846998040232284,True,False,8,A,7,False,False,,,,,,,,,
US,BWLP,PRE_ENTRY,2026-10-07,25.489999771118164,26.469999313354492,3.702302862327255,24.943404791188463,23.578316200503473,18.22768633365631,2.1913406950874403,35.39885637290077,3.702302862327255,True,False,8,A,6,False,False,,,,,,,,,
US,GIC,PRE_ENTRY,2026-10-07,43.04999923706055,44.36000061035156,2.9531139658851178,41.73396151994832,39.63557557223978,33.39444854736328,3.1533975428696737,28.67078546400792,2.9531139658851178,False,True,8,A,7,False,False,,,,,,,,,
US,DT,PRE_ENTRY,2026-10-07,59.810001373291016,61.58000183105469,2.874310498755237,57.181951735592634,53.151555777170636,42.80599990844726,4.595942527198771,28.584913680102098,2.874310498755237,True,True,8,A,7,False,False,,,,,,,,,
US,TBBB,PRE_ENTRY,2026-10-07,53.0099983215332,54.7400016784668,3.160400628219435,52.10817986872338,49.234687920177215,39.952150135040284,1.7306658092487215,23.62456848082477,3.160400628219435,False,True,8,A,7,False,False,,,,,,,,,
US,A,PRE_ENTRY,2026-10-07,169.08999633789062,176.78643688258376,4.353524331623289,164.48214935784284,155.23441183002302,132.8486237716675,2.8014267797674908,23.11221745454599,4.353524331623289,False,True,8,A,6,False,False,,,,,,,,,
US,SN,PRE_ENTRY,2026-10-07,185.19000244140625,194.5399932861328,4.806204979648803,178.04780468401657,172.09452392898567,135.99485034942626,4.011393327800383,20.796952660607502,4.806204979648803,True,True,8,A,6,False,False,,,,,,,,,
US,SIG,PRE_ENTRY,2026-10-07,103.37999725341797,106.62000274658203,3.03883456171448,99.77261673686574,95.1983364884294,89.33039627075195,3.6156017898840043,20.598551509642004,5.453546865303446,True,True,8,A,6,False,False,,,,,,,,,
US,NMM,PRE_ENTRY,2026-10-07,90.77999877929688,95.0,4.442106548108553,90.70694885791445,87.15640709460011,72.0718553352356,0.08053398587670735,19.500941238316226,4.442106548108553,True,False,8,A,7,False,False,,,,,,,,,
US,QLYS,PRE_ENTRY,2026-10-07,194.75,204.41000366210938,4.725797900809885,184.6219391474577,173.99807794785445,128.5738494491577,5.485838194155779,18.534246383781472,4.725797900809885,True,True,8,A,6,False,False,,,,,,,,,
US,IOSP,PRE_ENTRY,2026-10-07,97.41999816894531,100.4800033569336,3.0453872270667337,95.8521394693451,93.02014803755812,82.23537811279297,1.635705481672245,17.03846390890551,3.0453872270667337,False,True,8,A,7,False,False,,,,,,,,,
US,XOM,PRE_ENTRY,2026-10-07,164.0500030517578,169.63999938964844,3.295211246170124,162.7427475399868,159.84530698211967,148.40218688964845,0.8032649881677845,16.466246817122787,5.76898329530039,True,True,8,A,7,False,False,,,,,,,,,
US,MTD,PRE_ENTRY,2026-10-07,1533.47998046875,1585.719970703125,3.2944019877110606,1472.3812190087287,1414.3398956758053,1320.8421472167968,4.149656398168111,15.40682138540288,3.2944019877110606,True,True,8,A,6,False,False,,,,,,,,,
US,NVDA,PRE_ENTRY,2026-10-07,237.47000122070312,243.3699951171875,2.4242897706610917,228.3903145688033,221.5038316173328,201.34923873901369,3.9755130023977125,13.587919454331555,2.4242897706610917,False,True,8,A,7,False,False,,,,,,,,,
US,ANET,PRE_ENTRY,2026-10-07,215.8300018310547,216.07000732421875,0.1110776530885788,204.01608567278825,195.2493612465318,160.2428498840332,5.79067876893502,13.210352129183423,0.6847069178871283,False,True,8,A,8,False,False,,,,,,,,,
US,RDVT,PRE_ENTRY,2026-10-07,77.8499984741211,81.79499816894531,4.823032927607542,77.24208534887106,73.14018522856047,54.89772495269776,0.7870231914432813,12.301408618332088,4.823032927607542,True,True,8,A,8,False,False,,,,,,,,,
US,FRO,PRE_ENTRY,2026-10-07,53.060001373291016,54.689998626708984,2.980430232854177,49.23552694864645,44.82163187285855,33.470249576568605,7.767712994386278,51.257681478257396,2.980430232854177,True,True,7,B,7,False,False,,,,,,,,,
US,TNK,PRE_ENTRY,2026-10-07,102.12000274658203,105.5,3.2037888657990226,97.95342535287918,91.73277607461254,74.61718030929565,4.253631129991287,44.25145123680749,3.2037888657990226,True,False,7,B,5,False,False,,,,,,,,,
US,CRCT,PRE_ENTRY,2026-10-07,6.360000133514404,6.659999847412109,4.504500311877284,6.1086121406522,5.705065223397831,4.655512164831162,4.115304541750864,42.221225437905204,4.504500311877284,False,True,7,B,5,False,False,,,,,,,,,
US,VEON,PRE_ENTRY,2026-10-07,77.19000244140625,78.83000183105469,2.0804254110804394,71.68513622594254,65.71129340463152,55.22470006942749,7.679229621762951,39.77219206855156,2.0804254110804394,False,True,7,B,6,False,False,,,,,,,,,
US,TK,PRE_ENTRY,2026-10-07,14.729999542236328,15.25,3.409839067302766,14.19352414046542,13.408341675743921,11.477239475250244,3.7797195147710294,34.52977746363936,3.409839067302766,False,False,7,B,5,False,False,,,,,,,,,
US,CMBT,PRE_ENTRY,2026-10-07,19.950000762939453,20.81999969482422,4.178669282598714,19.351860122928084,18.354600509287977,14.34470127105713,3.090868971829175,29.973246279593724,4.178669282598714,False,False,7,B,5,False,False,,,,,,,,,
US,NTNX,PRE_ENTRY,2026-10-07,73.41999816894531,74.41999816894531,1.3437248382213607,70.18134343845033,66.27543981306782,50.86807498931885,4.6146946920947896,28.56648655573819,1.3437248382213607,False,False,7,B,6,False,False,,,,,,,,,
US,PARR,PRE_ENTRY,2026-10-07,86.12000274658203,88.83999633789062,3.061676838620608,82.49722778038681,79.03935225395736,60.3379998588562,4.391389945658886,27.75034091048736,3.722743784538044,True,False,7,B,5,False,False,,,,,,,,,
US,TX,PRE_ENTRY,2026-10-07,56.40999984741211,59.31999969482422,4.905596531326369,56.059196547581344,54.34573478727322,45.55333473205567,0.6257729711359961,26.2667612359879,4.905596531326369,False,False,7,B,6,False,False,,,,,,,,,
US,DELL,PRE_ENTRY,2026-10-07,578.9600219726562,595.510009765625,2.7791283977715726,545.6754216661247,503.96885105160504,299.25345119476316,6.099706709329666,25.157077021504094,2.7791283977715726,True,True,7,B,7,False,False,,,,,,,,,
US,GEF-B,PRE_ENTRY,2026-10-07,108.93000030517578,114.63999938964844,4.980808718486654,107.31150898934368,104.97354663098989,89.37709175109863,1.5082178333666096,21.331770321916643,4.980808718486654,False,False,7,B,6,False,False,,,,,,,,,
US,ZIM,PRE_ENTRY,2026-10-07,29.989999771118164,30.959999084472656,3.133072810202295,29.269927216194127,28.296694291944455,25.551035947799683,2.4601105072978857,20.58330651935949,3.133072810202295,False,False,7,B,5,False,False,,,,,,,,,
US,BOX,PRE_ENTRY,2026-10-07,35.70000076293945,36.34000015258789,1.7611430571302873,34.000681416318244,32.970858688592195,27.791699953079224,4.997897912144911,20.308006475785902,1.7611430571302873,False,False,7,B,6,False,False,,,,,,,,,
US,ONC,PRE_ENTRY,2026-10-07,364.0199890136719,380.0,4.2052660490337175,360.2898109402861,350.87184789592874,320.9514242553711,1.0353271061567693,16.555725114883344,5.503351887194762,False,True,7,B,6,False,False,,,,,,,,,
US,TEVA,PRE_ENTRY,2026-10-07,39.18000030517578,40.790000915527344,3.947047252305138,38.89691405685132,37.46437890261712,33.81734998703003,0.7277858801618686,14.718253648667478,3.947047252305138,False,True,7,B,7,False,False,,,,,,,,,
US,EMR,PRE_ENTRY,2026-10-07,159.22000122070312,165.78776809180027,3.9615509314658452,156.46795434799694,153.4033392789811,144.2748455429077,1.7588565557554503,12.285779831130883,3.9615509314658452,False,True,7,B,7,False,False,,,,,,,,,
US,WAT,PRE_ENTRY,2026-10-07,435.989990234375,454.5400085449219,4.081052924236391,427.7994749057306,413.1679930829707,364.44815078735354,1.914568812981643,11.957013373898695,4.081052924236391,False,True,7,B,7,False,False,,,,,,,,,
US,FTNT,PRE_ENTRY,2026-10-07,189.27999877929688,192.41000366210938,1.626737083955932,176.5456569342898,166.99048329605154,120.19009986877441,7.213058687559104,11.954628865035977,1.626737083955932,True,True,7,B,8,False,False,,,,,,,,,
US,GNK,PRE_ENTRY,2026-10-07,27.100000381469727,28.420000076293945,4.644615381001612,26.907114013352047,26.27935627158594,22.922006072998048,0.7168601137303776,11.318269371605293,4.644615381001612,True,False,7,B,7,False,False,,,,,,,,,
US,MCK,PRE_ENTRY,2026-10-07,910.3300170898438,929.9500122070312,2.1097902962142845,889.9642802727635,874.7364277185807,847.5560354614258,2.2883768785459946,11.294932202174923,8.678153851096441,True,False,7,B,6,False,False,,,,,,,,,
US,NDSN,PRE_ENTRY,2026-10-07,327.69000244140625,338.17999267578125,3.101895576782961,324.56524923899144,316.21853790900207,287.08207984924314,0.9627503898650414,11.122209009078698,3.101895576782961,False,True,7,B,7,False,False,,,,,,,,,
US,EQH,PRE_ENTRY,2026-10-07,53.22999954223633,55.224998474121094,3.6124925070294736,52.764330517299435,51.26176850800811,44.92836414337158,0.8825451216219138,11.079280764226773,3.6124925070294736,True,False,7,B,7,False,False,,,,,,,,,
US,ABM,PRE_ENTRY,2026-10-07,48.75,50.98076741850457,4.375703881018598,48.63471499749191,47.820899884163275,43.520763301849364,0.23704261968848783,6.738377907393356,4.375703881018598,True,True,7,B,7,False,False,,,,,,,,,
US,RUSHB,PRE_ENTRY,2026-10-07,55.27000045776367,57.380001068115234,3.677240451506443,54.48131689278987,52.84696740364125,46.29576110839844,1.447622065607912,6.534764375099811,3.677240451506443,True,True,7,B,7,False,False,,,,,,,,,
US,HNGE,PRE_ENTRY,2026-10-07,97.86000061035156,100.36000061035156,2.4910322686288815,94.93960181899533,89.91987575234003,61.908100023269654,3.076059658354202,5.1797412788550545,2.4910322686288815,False,True,7,B,6,False,False,,,,,,,,,
US,AMPL,PRE_ENTRY,2026-10-07,14.760000228881836,15.130000114440918,2.445471796169608,13.843526876727042,12.670608143790325,9.187525022029877,6.6202302369601895,53.70574448892271,2.9904693995593856,False,False,6,B,5,False,False,,,,,,,,,
US,INSW,PRE_ENTRY,2026-10-07,116.94000244140625,120.0,2.549997965494792,109.10268377196105,100.7532709305969,74.35942310333252,7.183433439480025,44.422663264011874,2.549997965494792,True,False,6,B,6,False,False,,,,,,,,,
US,S,PRE_ENTRY,2026-10-07,25.309999465942383,26.334999084472656,3.8921574109133807,23.62030929675987,21.946231463896993,16.84824993610382,7.153548024937573,30.54902376766597,3.8921574109133807,False,True,6,B,5,False,False,,,,,,,,,
US,HCM,PRE_ENTRY,2026-10-07,14.279999732971191,14.930000305175781,4.353654111977843,13.987231215355008,13.241403227264396,13.229175000190734,2.093112733382041,26.404315008436253,12.92682887116476,False,True,6,B,4,False,False,,,,,,,,,
US,KEYS,PRE_ENTRY,2026-10-07,381.4200134277344,389.92999267578125,2.182437721615005,358.9861219437752,344.19978719690164,305.284249420166,6.249236422424387,14.740578073572896,2.182437721615005,False,True,6,B,6,False,False,,,,,,,,,
US,PFE,PRE_ENTRY,2026-10-07,28.0,29.209999084472656,4.14241397602735,27.962821832773624,27.39998116997473,25.85994132041931,0.1329557061469533,13.833497847615517,4.14241397602735,False,False,6,B,6,False,False,,,,,,,,,
US,AMN,PRE_ENTRY,2026-10-07,36.529998779296875,38.439998626708984,4.968782298771983,35.264161793901685,34.23905554385377,26.22129997253418,3.5895847824010785,12.170839431911062,4.968782298771983,False,False,6,B,5,False,False,,,,,,,,,
US,CRBG,PRE_ENTRY,2026-10-07,34.400001525878906,35.63999938964844,3.4792308782409407,34.10235023987686,33.14765667790754,29.044416465759276,0.8728175152397322,10.69733010682421,3.4792308782409407,False,False,6,B,6,False,False,,,,,,,,,
US,EXPD,PRE_ENTRY,2026-10-07,190.85000610351562,195.32000732421875,2.288552658757179,189.31144199896346,185.16573788428934,162.9235019683838,0.8127158550514713,8.206431695148076,2.288552658757179,False,False,6,B,6,False,False,,,,,,,,,
US,BSTZ,PRE_ENTRY,2026-10-07,30.780000686645508,31.760000228881836,3.085640853821967,29.92931485847295,29.11251264353658,24.835883655548095,2.8423164118363653,8.184669125061017,3.085640853821967,False,True,6,B,5,False,False,,,,,,,,,
US,BIIB,PRE_ENTRY,2026-10-07,222.14999389648438,230.49000549316406,3.6183831827480426,221.94319067332185,216.8211207117303,195.9669502258301,0.09317844919465301,8.033338119293699,3.6183831827480426,False,True,6,B,6,False,False,,,,,,,,,
US,JCI,PRE_ENTRY,2026-10-07,155.92999267578125,160.41000366210938,2.7928501240888344,149.59404420701918,146.51377205569295,137.5354224395752,4.235428290175713,7.61882022706013,2.7928501240888344,True,True,6,B,6,False,False,,,,,,,,,
US,RGA,PRE_ENTRY,2026-10-07,251.52999877929688,257.80999755859375,2.4359019583286674,248.51715653327065,243.82525061610076,218.32064529418946,1.2123276670529926,5.912780484447855,2.4359019583286674,False,False,6,B,6,False,False,,,,,,,,,
US,PK,PRE_ENTRY,2026-10-07,15.199999809265137,15.939885277674039,4.641723924106351,15.179606009343978,14.900058709701032,12.368559021949768,0.1343499950433813,5.600313441756577,4.641723924106351,False,True,6,B,6,False,False,,,,,,,,,
US,FRHC,PRE_ENTRY,2026-10-07,174.75,178.0,1.8258426966292134,170.42200936498384,164.7404357304501,145.07104999542236,2.539572588741823,5.167155213203967,1.8258426966292134,False,False,6,B,6,False,False,,,,,,,,,
US,XMTR,PRE_ENTRY,2026-10-07,107.80000305175781,112.94000244140625,4.55108843504328,100.93040563771326,95.38995362350255,73.13627492904664,6.80627148047217,11.459118672825564,4.55108843504328,False,True,5,C,5,False,False,,,,,,,,,
US,SBH,PRE_ENTRY,2026-10-07,16.5,17.290000915527344,4.569120148616538,16.35655191691107,16.050825094030813,14.897749996185302,0.8770068643906503,8.59456662516196,7.924107534867919,False,True,5,C,5,False,False,,,,,,,,,
US,BST,PRE_ENTRY,2026-10-07,50.84000015258789,52.31999969482422,2.8287453189391703,49.46357012165924,47.8642896302793,41.50884691238403,2.7827146878869113,8.581622215076612,2.8287453189391703,False,False,5,C,5,False,False,,,,,,,,,
US,TAK,PRE_ENTRY,2026-10-07,18.3700008392334,19.100000381469727,3.8219870557937416,18.332967865974382,18.037264755803783,17.217199959754943,0.2020020627852004,6.945694688263071,3.8219870557937416,False,False,5,C,5,False,False,,,,,,,,,
US,EHC,PRE_ENTRY,2026-10-07,122.4800033569336,127.27960879191107,3.7709146661696105,121.81077072687276,119.47479688324033,108.01226512908936,0.5494034936872838,6.863164648050124,3.7709146661696105,False,False,5,C,5,False,False,,,,,,,,,
US,SXT,PRE_ENTRY,2026-10-07,132.0,138.82000732421875,4.912841783886667,130.19998414102375,128.6155930763528,110.25829372406005,1.382500828131139,6.733954242987217,4.912841783886667,False,False,5,C,5,False,False,,,,,,,,,
US,VIR,PRE_ENTRY,2026-10-07,11.520000457763672,11.9399995803833,3.517580715075251,11.043328333345213,10.54453596173736,9.104525027275086,4.31638098614846,7.761662255641255,3.517580715075251,False,False,4,C,3,False,False,,,,,,,,,
US,MU,PRE_ENTRY,2026-10-07,1088.0,1108.719970703125,1.8688191112842378,1041.0692265420128,991.1572947833804,693.9552653503418,4.50793974708783,6.066901682590964,13.293437441131209,False,True,4,C,4,False,False,,,,,,,,,
TSX,VLE.TO,DIRECT_BREAKOUT,2026-10-07,15.300000190734863,15.739999771118164,2.795423041813954,14.809327930556819,13.913601442172506,11.98230001449585,3.313264872510624,40.61771770361175,2.795423041813954,True,True,9,A,8,False,False,2026-10-06,1.0,16.020000457763672,1.6842647535396202,True,True,0.6559144195509323,0.5913978604887733,True
TSX,SOIL.TO,DIRECT_BREAKOUT,2026-10-07,7.389999866485596,7.46999979019165,1.0709494772824113,6.914733036862956,6.548859730890338,5.262700011730194,6.873249149156679,32.43325027174966,3.9011728023744383,False,False,6,B,6,False,False,2026-10-06,1.0,7.5,0.6702158058245975,False,False,0.75,0.3333333333333333,True
TSX,JWEL.TO,FAST_PRE_ENTRY,2026-10-07,45.45000076293945,45.880001068115234,0.9372281934723281,45.384941069408995,44.35383200835197,37.92232734680176,0.14335083840024687,11.180416312823315,0.9372281934723281,True,True,10,A,11,True,True,,,,,,,,,
TSX,SEC.TO,FAST_PRE_ENTRY,2026-10-07,440.0,440.0,0.0,439.1825394685033,431.0303665459584,387.09739990234374,0.18613229307475887,10.615873106674556,0.0,False,False,8,A,9,True,True,,,,,,,,,
TSX,HFPC-U.TO,COMPRESSION_PRE_ENTRY,2026-10-07,2.25,2.259999990463257,0.44247745599357413,2.176589044938616,2.092332914882046,1.9099000012874603,3.37275220750064,24.223471354752668,8.16326709351701,True,False,9,A,8,True,False,,,,,,,,,
TSX,SIH-UN.TO,COMPRESSION_PRE_ENTRY,2026-10-07,17.75,17.75,0.0,17.126103765143444,16.73462745358981,15.06716281414032,3.642954891622008,5.894145032963616,0.0,True,False,8,A,8,True,False,,,,,,,,,
TSX,CYB.TO,COMPRESSION_PRE_ENTRY,2026-10-07,96.9000015258789,98.0,1.1224474225725447,96.14990995771309,94.61581801222408,91.8119002532959,0.7801271665212273,6.818409363290745,2.07174884849726,False,False,6,B,7,True,False,,,,,,,,,
TSX,TWM.TO,PRE_ENTRY,2026-10-07,25.260000228881836,25.280000686645508,0.07911573267574071,23.596742509034897,22.047614636848497,14.136199982166291,7.04867512628109,42.99125784205338,1.9029117324977245,True,True,9,B,9,False,False,,,,,,,,,
TSX,MSA.TO,PRE_ENTRY,2026-10-07,10.0600004196167,10.420000076293945,3.4548911136408194,9.563990552640941,8.674563886945666,6.598350548744202,5.186222887252767,65.34407257786448,3.4548911136408194,True,True,8,A,6,False,False,,,,,,,,,
TSX,ORE.TO,PRE_ENTRY,2026-10-07,3.240000009536743,3.4000000953674316,4.705884745376678,3.1134591767040054,2.8862555576474995,2.4460999935865404,4.064316429120396,43.86632499617473,4.705884745376678,True,True,8,A,6,False,False,,,,,,,,,
TSX,ACX.TO,PRE_ENTRY,2026-10-07,7.78000020980835,8.069999694824219,3.59355013609063,7.636528739133861,7.285371438343777,6.5052499985694885,1.8787524485995855,22.715531126969644,3.59355013609063,False,True,8,A,7,False,False,,,,,,,,,
TSX,TCS.TO,PRE_ENTRY,2026-10-07,38.619998931884766,39.709999084472656,2.744900976374237,36.63855913204092,34.54171526137374,31.594774446487428,5.4080723881716475,17.898182020822805,2.744900976374237,True,True,8,A,7,False,False,,,,,,,,,
TSX,SU.TO,PRE_ENTRY,2026-10-07,97.26000213623047,100.23999786376953,2.972860924826639,96.38271419818409,93.62455167605363,83.31702072143554,0.9102129415472504,16.266869740449263,2.972860924826639,False,True,8,A,8,False,False,,,,,,,,,
TSX,KEL.TO,PRE_ENTRY,2026-10-07,10.819999694824219,11.350000381469727,4.669609417025212,10.57089525894766,10.32122691115068,9.218700013160706,2.356512194799265,14.085459627157038,4.669609417025212,True,True,8,A,7,False,False,,,,,,,,,
TSX,GUD.TO,PRE_ENTRY,2026-10-07,10.710000038146973,10.800000190734863,0.8333347314669516,10.274149614163017,9.954907765617616,8.104100015163421,4.242204370696845,6.32346842485314,0.8333347314669516,True,True,8,A,8,False,False,,,,,,,,,
TSX,MATR.TO,PRE_ENTRY,2026-10-07,21.5,22.3799991607666,3.932078613788734,20.923362230816092,19.359456346996293,12.736549980640412,2.7559517577659287,59.791051678446536,3.932078613788734,False,False,7,B,5,False,False,,,,,,,,,
TSX,CVVY.TO,PRE_ENTRY,2026-10-07,2.3499999046325684,2.450000047683716,4.081638412443698,2.2401551638952837,2.087742842768427,1.484299999177456,4.903443409084285,50.83636978062429,4.081638412443698,True,False,7,B,5,False,False,,,,,,,,,
TSX,WFC.TO,PRE_ENTRY,2026-10-07,22.850000381469727,23.110000610351562,1.1250550498271088,21.303883864428133,20.543620116890583,17.754400024414064,7.257439661615872,24.77291542582001,1.1250550498271088,False,True,7,B,7,False,False,,,,,,,,,
TSX,MX.TO,PRE_ENTRY,2026-10-07,86.27999877929688,89.52157140170186,3.6209961148463075,84.3047276191009,82.0293890719716,75.40419725418091,2.343013512979364,24.157150591917897,6.620969382615131,True,False,7,B,5,False,False,,,,,,,,,
TSX,XTC.TO,PRE_ENTRY,2026-10-07,8.270000457763672,8.594526290893555,3.7759595136004007,8.158147763118047,8.053465050532033,7.467751700878143,1.371055022456158,9.938310732846434,3.7759595136004007,True,True,7,B,7,False,False,,,,,,,,,
TSX,PHX.TO,PRE_ENTRY,2026-10-07,12.25,12.783513916503951,4.173452776667036,12.135212497321394,11.893796105396152,10.608954882621765,0.9459043482258123,17.080150171580467,8.990555556610014,False,False,6,B,5,False,False,,,,,,,,,
TSX,CJ.TO,PRE_ENTRY,2026-10-07,12.359999656677246,12.73589387818134,2.9514553520900635,12.09184314792459,11.82733646825871,10.663474192619324,2.217664465807112,14.357238528079908,5.202239888187534,True,False,6,B,6,False,False,,,,,,,,,
TSX,VLN.TO,PRE_ENTRY,2026-10-07,18.6299991607666,19.299999237060547,3.47150312320939,18.449383739638517,18.147182367263554,16.68534999847412,0.9789780714465346,14.22345744700262,4.461542765299479,False,False,6,B,6,False,False,,,,,,,,,
TSX,COP-UN.TO,PRE_ENTRY,2026-10-07,17.049999237060547,17.93000030517578,4.907981333727072,16.961114639335843,16.63799532701072,16.02389997959137,0.5240492716119372,10.515893478749462,9.978887242365696,False,True,6,B,6,False,False,,,,,,,,,
TSX,NWC.TO,PRE_ENTRY,2026-10-07,54.38999938964844,55.13999938964844,1.36017411734103,52.93110932366747,51.49915225533694,50.693447246551514,2.756205348087515,6.031376526357324,1.895185954835071,False,False,6,B,6,False,False,,,,,,,,,
TSX,BLCO.TO,PRE_ENTRY,2026-10-07,24.770000457763672,25.43000030517578,2.5953591800696096,24.20215546790038,23.873460655668886,23.022025003433228,2.3462579215989043,5.761104420861574,3.6186781228305764,False,True,6,B,6,False,False,,,,,,,,,
TSX,ROOT.TO,PRE_ENTRY,2026-10-07,4.079999923706055,4.139999866485596,1.449274026921029,4.0583923107399436,3.9630472682828843,3.688050010204315,0.532418044182914,5.750883317013256,13.191487462124417,True,True,6,B,7,False,False,,,,,,,,,
TSX,MKZ-UN.TO,PRE_ENTRY,2026-10-06,0.5299999713897705,0.550000011920929,3.6363709268489552,0.527201936127526,0.5193857932076231,0.5000029648840427,0.5307331158145967,8.97310380790277,8.620691958562439,False,True,5,C,5,False,False,,,,,,,,,
TSX,NFI.TO,PRE_ENTRY,2026-10-07,25.110000610351562,26.399999618530273,4.886359950070815,24.36585857279272,24.019566334928385,20.96735002040863,3.0540357744248015,8.969978232985397,4.886359950070815,False,False,5,C,4,False,False,,,,,,,,,
TSX,Y.TO,PRE_ENTRY,2026-10-07,13.699999809265137,14.380000114440918,4.728792070682254,13.5861247867092,13.304107756310845,12.399543132781982,0.8381714752637714,8.706425867706358,4.728792070682254,False,False,5,C,5,False,False,,,,,,,,,
TSX,GEI.TO,PRE_ENTRY,2026-10-07,31.450000762939453,32.5100322514898,3.2606288432758075,31.010648466951576,30.716915579886063,28.383925647735595,1.4167788089181732,5.00510768510718,3.2606288432758075,False,False,5,C,5,False,False,,,,,,,,,
TSX,RAY.TO,PRE_ENTRY,2026-10-07,15.850000381469727,16.5,3.9393916274562026,15.560126445552102,15.490269571671352,15.099500098228454,1.8629278941398653,5.4765998708312,10.440461114487078,True,False,4,C,4,False,False,,,,,,,,,
HK,3328.HK,DIRECT_BREAKOUT,2026-10-08,8.204999923706055,8.380000114440918,2.08830773681366,8.13578666474086,7.847007754371531,7.041423006057739,0.8507260799395677,20.142114217595577,2.08830773681366,True,True,10,A,9,False,False,2026-10-07,1.0,8.449999809265137,0.11360403372947432,False,False,0.960783433749584,0.960783433749584,True
HK,1112.HK,DIRECT_BREAKOUT,2026-10-08,19.299999237060547,19.489999771118164,0.9748616536115877,18.14752939187414,16.742392938127363,13.651576671600342,6.350560565574526,38.11418012260936,0.9748616536115877,True,True,9,B,9,False,False,2026-10-07,1.0,19.860000610351562,0.11689771317022085,False,False,0.9493682805109769,0.9493682805109769,True
HK,0144.HK,DIRECT_BREAKOUT,2026-10-08,17.110000610351562,17.31999969482422,1.2124658670485475,16.674523526020494,15.978967509102246,15.007088055610657,2.6116313527730473,31.32959845779466,1.2124658670485475,False,True,9,A,8,True,True,2026-10-07,1.0,17.34000015258789,0.019332652825786983,False,False,1.0,0.730770641528812,True
HK,3306.HK,DIRECT_BREAKOUT,2026-10-08,21.760000228881836,21.760000228881836,0.0,20.506318128273943,19.545107313648817,18.629953236579894,6.113638210261296,26.085981381868773,1.35992404498334,True,True,9,B,9,False,False,2026-10-07,1.0,22.18000030517578,0.09587160842957854,False,False,0.9565208377388845,0.913041675477769,True
HK,0659.HK,DIRECT_BREAKOUT,2026-10-08,8.699999809265137,8.779999732971191,0.9111608899671612,8.298955510751243,8.118963611321098,8.111167953014373,4.832467145947983,12.079596914722423,6.020397962912871,False,False,6,B,6,False,False,2026-10-07,1.0,8.8149995803833,0.2306997063836605,False,False,1.0,1.0,True
HK,1138.HK,DIRECT_BREAKOUT,2026-10-08,19.770000457763672,20.68000030517578,4.400386044406175,18.447786639595062,17.053195985887736,15.180194163322449,7.167330390360771,51.54067318096478,6.717611943063807,False,False,4,C,3,False,False,2026-10-05,3.0,21.639999389648438,0.5608996119895061,False,False,0.9146334230019085,0.8658530202958016,True
HK,1308.HK,FAST_PRE_ENTRY,2026-10-08,49.20000076293945,49.47999954223633,0.5658827443154418,47.50781326806069,44.52655724578862,34.26531858444214,3.5619140904900704,50.558234980605896,0.5658827443154418,True,True,11,A,10,True,True,,,,,,,,,
HK,2877.HK,FAST_PRE_ENTRY,2026-10-08,7.420000076293945,7.53875341332772,1.5752383785869906,7.194996094701907,6.897350820851306,6.759620091915131,3.1272286826913076,22.617238630614267,4.674594379271924,True,True,10,A,9,True,True,,,,,,,,,
HK,6198.HK,FAST_PRE_ENTRY,2026-10-08,7.630000114440918,7.71999979019165,1.16579894037145,7.488171759170108,7.265952288506024,6.952700753211975,1.8940318121993593,22.516034431781474,1.16579894037145,True,True,10,A,10,True,True,,,,,,,,,
HK,1288.HK,FAST_PRE_ENTRY,2026-10-08,6.639999866485596,6.715000152587891,1.1169066924501945,6.486902169821479,6.308324720813323,5.746569969654083,2.3601049107286,19.965978610708547,1.1169066924501945,True,True,10,A,9,True,True,,,,,,,,,
HK,0939.HK,FAST_PRE_ENTRY,2026-10-08,9.760000228881836,9.899999618530273,1.4141353034639956,9.62113392501386,9.368725412154845,8.375419383049012,1.4433465426246572,19.068000932835318,1.4141353034639956,True,False,9,A,9,True,True,,,,,,,,,
HK,3988.HK,FAST_PRE_ENTRY,2026-10-08,6.054999828338623,6.139999866485596,1.3843654722361558,5.96684674423241,5.764157107629377,5.014484651088715,1.477381402353295,17.977535009361965,1.3843654722361558,True,False,9,A,9,True,True,,,,,,,,,
HK,0177.HK,FAST_PRE_ENTRY,2026-10-08,10.770000457763672,10.800000190734863,0.277775300383121,10.421490404193678,10.151444034758551,9.760858101844788,3.344147910261963,11.55799264045001,0.277775300383121,True,False,9,A,9,True,True,,,,,,,,,
HK,1658.HK,FAST_PRE_ENTRY,2026-10-08,5.480000019073486,5.574999809265137,1.7040321693602478,5.372477901391016,5.2328407905598,4.981475398540497,2.0013505807931153,16.363551554097143,1.7040321693602478,False,False,8,A,7,True,True,,,,,,,,,
HK,0517.HK,COMPRESSION_PRE_ENTRY,2026-10-08,6.739999771118164,6.75,0.14815153899016203,6.51714354462292,6.214608397047808,5.870369124412536,3.4195384061950884,29.244964809690188,5.9278410997966855,True,True,10,A,9,True,False,,,,,,,,,
HK,9677.HK,COMPRESSION_PRE_ENTRY,2026-10-07,3.0299999713897705,3.0299999713897705,0.0,2.995375891607914,2.91237151782779,2.6682580697536467,1.155917688957242,8.331941363574868,0.0,False,True,8,A,9,True,False,,,,,,,,,
HK,1398.HK,COMPRESSION_PRE_ENTRY,2026-10-08,7.675000190734863,7.769999980926514,1.222648525416372,7.568773498256886,7.444382927389791,6.781270077228546,1.4034862121642622,14.259045059820341,1.222648525416372,False,False,7,B,8,True,False,,,,,,,,,
HK,0836.HK,COMPRESSION_PRE_ENTRY,2026-10-08,19.700000762939453,19.8799991607666,0.9054245745763273,19.25160612674231,18.846538737143632,18.101247911453246,2.3291284542450663,13.770645393231007,6.160647296455382,False,False,7,B,7,True,False,,,,,,,,,
HK,0270.HK,PRE_ENTRY,2026-10-08,8.755000114440918,8.970000267028809,2.3968801135733577,8.705614748615261,8.443418830277816,7.570017685890198,0.5672817744836633,18.40516968759447,2.3968801135733577,True,True,10,A,9,False,False,,,,,,,,,
HK,0622.HK,PRE_ENTRY,2026-10-08,3.134999990463257,3.244999885559082,3.389827395228807,3.0320004657023647,2.8435597473678436,1.9751249960064887,3.3970814294394414,54.98894883470311,3.389827395228807,True,True,9,A,7,False,False,,,,,,,,,
HK,2268.HK,PRE_ENTRY,2026-10-08,83.30000305175781,84.5,1.420114731647559,79.21564133963275,73.02606615164005,62.40310018539429,5.156004095975919,37.16142635637895,2.5730958458972952,True,True,9,A,8,False,False,,,,,,,,,
HK,1199.HK,PRE_ENTRY,2026-10-08,6.275000095367432,6.289999961853027,0.23847164668625462,5.964644936561502,5.603949709066734,5.310673079490662,5.203246163129416,34.00962255287152,0.23847164668625462,False,True,9,A,8,False,False,,,,,,,,,
HK,1919.HK,PRE_ENTRY,2026-10-08,17.06999969482422,17.51425177450287,2.536517605196192,16.4779202863713,16.026709951682015,14.314699878692627,3.5931683013579185,25.238555009221166,2.536517605196192,True,True,9,A,8,False,False,,,,,,,,,
HK,0998.HK,PRE_ENTRY,2026-10-08,8.484999656677246,8.694999694824219,2.4151816620761606,8.377010146574058,8.142588483895281,7.489211075305938,1.2891175755272544,23.432280885902102,2.4151816620761606,True,False,9,A,8,False,False,,,,,,,,,
HK,2269.HK,PRE_ENTRY,2026-10-08,56.70000076293945,58.0,2.241377994931977,53.32021348502025,49.15685962632228,38.79730008125305,6.338660438538413,48.38656045988661,2.241377994931977,True,True,8,B,7,False,False,,,,,,,,,
HK,2359.HK,PRE_ENTRY,2026-10-08,217.0,219.1999969482422,1.0036482567842615,207.49623463077842,194.51441779736905,142.10706016540527,4.580211002928669,39.33484635937867,1.0036482567842615,False,True,8,A,7,False,False,,,,,,,,,
HK,1070.HK,PRE_ENTRY,2026-10-08,17.75,18.229999542236328,2.633020045470858,17.221917974251795,16.57821622564005,13.687097787857056,3.0663369000928364,21.1798476719526,2.633020045470858,True,False,8,A,7,False,False,,,,,,,,,
HK,1093.HK,PRE_ENTRY,2026-10-08,9.869999885559082,10.170000076293945,2.949854360710944,9.55118068179999,9.162908731240053,8.630143098831176,3.3380082984568737,20.720406015639846,7.926090792474438,True,True,8,A,7,False,False,,,,,,,,,
HK,1963.HK,PRE_ENTRY,2026-10-08,8.335000038146973,8.75,4.742856706891741,8.32429475960023,8.25473372624178,7.810869612693787,0.12860282889906038,13.196879046503064,4.742856706891741,True,True,8,A,8,False,False,,,,,,,,,
HK,0737.HK,PRE_ENTRY,2026-10-07,1.9149999618530273,1.965000033378601,2.544532858841947,1.8896377332005476,1.8489250329151536,1.7688388085365296,1.3421741218896388,12.032224772938749,2.544532858841947,True,True,8,A,9,False,False,,,,,,,,,
HK,0135.HK,PRE_ENTRY,2026-10-08,7.445000171661377,7.563633429836131,1.5684691659802539,7.3541543983461715,7.199853259940699,7.155346083641052,1.2352986950564304,14.84683345439608,11.070174074300661,True,True,7,B,8,False,False,,,,,,,,,
HK,3968.HK,PRE_ENTRY,2026-10-08,52.349998474121094,53.54999923706055,2.2408978151935512,51.18943662103737,50.36296255819208,48.04124044418335,2.2671901268918493,13.520105256795567,2.2408978151935512,False,False,7,B,6,False,False,,,,,,,,,
HK,3877.HK,PRE_ENTRY,2026-10-08,2.4149999618530273,2.5250000953674316,4.356440766723906,2.3939017553145305,2.3435554449719023,2.2609991496801376,0.8813313450169113,13.473779501246263,5.27863820467478,True,True,7,B,7,False,False,,,,,,,,,
HK,0081.HK,PRE_ENTRY,2026-10-08,3.1449999809265137,3.184999942779541,1.2558857950282876,2.948586142538036,2.7892562984665097,2.5393469727039335,6.66128879719321,43.38193233503325,4.55528370677223,False,False,6,B,6,False,False,,,,,,,,,
