variant,setups,breakouts_within_3d,breakout_rate_pct,hit_10pct_pct,hit_2_5r_before_stop_pct,median_mfe_20d_pct,median_mae_20d_pct,avg_close_return_20d_pct,median_bars_to_breakout
CORE_PRE_ENTRY,24520,7405,30.2,31.37,26.13,6.31,-5.39,1.67,2.0
GRADE_A,5719,1999,34.95,23.58,29.04,5.24,-4.26,1.57,2.0
SCORE_8_PLUS,6381,2348,36.8,25.32,28.58,5.48,-4.51,1.5,2.0
COMPRESSION,3216,1360,42.29,15.92,29.91,4.57,-3.2,1.59,2.0
RS_10_PLUS,15484,4690,30.29,36.66,26.12,7.11,-6.26,1.83,2.0
RS_15_PLUS,11266,3473,30.83,39.89,26.29,7.66,-6.89,1.77,2.0
DIST_2PCT_OR_LESS,8856,4177,47.17,24.67,26.99,5.43,-4.46,1.42,1.0
WITHIN_5PCT_52W_HIGH,21000,6324,30.11,30.42,26.41,6.21,-5.26,1.63,2.0
FAST_HIGH_QUALITY,1033,450,43.56,18.29,28.94,4.81,-3.64,1.62,2.0
A_PLUS_COMPRESSION,2047,932,45.53,16.78,32.09,4.82,-2.94,1.87,2.0
CORE_HK,2702,806,29.83,35.99,27.5,7.2,-5.47,2.36,2.0
FAST_HK,84,45,53.57,18.6,30.23,3.51,-3.38,5.37,1.0
CORE_TSX,4480,1485,33.15,36.76,33.47,7.07,-4.82,3.15,2.0
FAST_TSX,231,112,48.48,14.29,32.38,4.54,-2.57,2.17,1.0
CORE_US,17338,5114,29.5,29.06,23.78,6.05,-5.55,1.12,2.0
FAST_US,718,293,40.81,19.72,27.46,4.94,-4.1,0.85,2.0
